r_0001,D_LACDcm
r_0002,D_LACDm
r_0003,BTDD_RR
r_0004,L_LACD2cm
r_0005,13BETGLUSYN
r_0006,16BETGLUSYN
r_0007,PRMICI
r_0012,P5CDm
r_0013,23DI5ME1PHDERE
r_0014,DRTPPD
r_0015,DRPPPNRED25645
r_0016,ACHBSm
r_0017,AHHM246
r_0018,AATA
r_0019,DPR
r_0020,DDPAm
r_0021,2HPMBQMTm
r_0022,2HP6MPMOm
r_0023,IPPMIb
r_0024,IPPS
r_0025,IPPSm
r_0026,ARAT_copy
r_0027,2METDEH
r_0028,MCITSm
r_0029,OMCDC
r_0030,OMCDCm
r_0032,BPNT
r_0033,PDE1
r_0034,PDE2
r_0035,PDE3
r_0036,PDE4
r_0037,PDE5
r_0038,DB4PS
r_0039,DHQTi
r_0040,DHQS
r_0041,3DSPHRr
r_0042,DDPA
r_0043,3OPHB5Hm
r_0044,3HPH5MBDCm_copy
r_0045,HKYNH
r_0057,HACD6p
r_0058,3HAO
r_0059,3ISO3MET
r_0060,IPPMIa
r_0061,IPMD
r_0062,3MOBDC
r_0063,MTMOHT
r_0064,3MOPDC
r_0065,PSCVT
r_0066,ADCS
r_0067,ADCL
r_0068,ABTA
r_0069,4HTHRS
r_0070,4HBZFm
r_0072,4MOPDC
r_0073,4PPIP5DEPTOIP6
r_0074,4PPIP5PYR45PP2IP4
r_0075,MTAP
r_0076,NTD4
r_0077,NTD11
r_0078,NTD2
r_0079,PRFGS
r_0080,MTHFR3
r_0081,ALASm
r_0082,PMI12346PH_copy
r_0083,PMI12346PS_copy
r_0084,FTHFCL
r_0085,MHPGLUT
r_0086,MDRPD
r_0087,MTRI
r_0088,5PPIP5PYR45PP2IP4
r_0089,5PPIP5PYR56PP2IP4
r_0090,PFK26
r_0091,PGL
r_0092,6PPIP5DEPTOIP6
r_0093,6PPIP5PYR56PP2IP4
r_0094,AOXSr_copy
r_0095,ACALDCD
r_0096,ACEACIISO
r_0097,ACESYN
r_0099,ACOATAm
r_0100,ACACT8p
r_0101,ACACT9p
r_0102,ACACT7p
r_0103,ACACT1r
r_0104,ACACT1m
r_0105,ACACT6p
r_0106,ACACT4p
r_0107,ACACT5r_1p
r_0108,ACCOACrm
r_0109,ACCOAC
r_0111,ACOAHim
r_0112,ACS
r_0113,ACSm
r_0114,ACSn
r_0115,ACGKm
r_0116,ACP1e
r_0117,ACONT3m
r_0118,ACOTAim
r_0119,ACPSm
r_0120,ACYCOAOXIDECCOA
r_0121,ACOAO5p
r_0122,ACOAO9p
r_0123,ACOAO7p
r_0124,ACOAO8p
r_0125,ACOAO6p
r_0126,ACOCEATRerm1
r_0127,ACOCEATRerm2
r_0128,ACOCFATRerm
r_0129,ACOCLATRerm
r_0130,ACOCZATRerm
r_0131,ACPCEATRerm1
r_0132,ACPCEATRerm2
r_0133,ACPCFATRerm
r_0134,ACPCLATRerm
r_0135,ACPCZATRerm
r_0137,ACGPIN2POGPANASST3
r_0138,ADD
r_0139,ADPT
r_0140,ADA
r_0142,ADNK1
r_0143,AMPDA
r_0144,AHCi
r_0145,ADMDC
r_0146,AMAOTr
r_0147,ADNCYC
r_0148,ADK1
r_0149,ADK1m
r_0150,ADK3m
r_0151,ADSL2r
r_0152,ADSL1r
r_0153,ADSS
r_0154,ADSK
r_0155,23CAPPD
r_0156,AGTi
r_0157,ALATRS
r_0158,OHACT3
r_0159,ALCACEETH
r_0160,OHACT2
r_0161,OHACT4
r_0162,OHACT5
r_0163,ALCD2x
r_0164,ALCD19y
r_0165,ALCD2irm
r_0166,ALCD22xi
r_0167,ALCD22xim
r_0168,ALCD22yi
r_0169,ALCD25xi
r_0170,ALCD25xim
r_0171,ALCD25yi
r_0172,ALDD22x
r_0173,ALDD2y
r_0174,ALDD2xm
r_0175,ALDD2ym
r_0176,ALDD20xm
r_0177,ALDD20y
r_0178,ALDD20ym
r_0179,ALCD24xi
r_0180,ALCD24xim
r_0181,ALCD24yi
r_0182,ALCD23xi
r_0183,ALCD23xim
r_0184,ALCD23yi
r_0185,ALDD19xr
r_0186,ALCD26xi
r_0187,ALCD26xim
r_0188,AKP1
r_0189,ALLTAHr
r_0190,ALLTN
r_0191,ALPHNH
r_0192,ALP12MAN
r_0193,TREHv
r_0194,TREH
r_0195,TRE6PS
r_0198,MALT
r_0199,AMID
r_0200,AACTOOR
r_0201,ABUTDm
r_0202,ANPRT
r_0203,ANS
r_0204,AP4AH
r_0205,ARABR
r_0206,ARGN
r_0207,ARGSL
r_0208,ARGSS
r_0209,ARGTRS
r_0210,ARGTRSm
r_0211,ASNS1
r_0212,ASNTRS
r_0213,ASNTRSm
r_0214,ASPCT
r_0215,ASPK
r_0216,ASPTA
r_0217,ASPTAm
r_0218,ASPTAp
r_0219,ASAD
r_0220,ASPTRS
r_0221,ASPTRSm
r_0222,ATPATF1
r_0223,ATPATF2
r_0224,ATPATF3
r_0225,ATPPRT
r_0226,ATPS3m
r_0227,ATPS
r_0228,BDMT_cho_copy
r_0229,BIOSYN
r_0230,BACCL
r_0231,C14STR
r_0233,C22STDS
r_0234,C3STEDEH
r_0235,C3STEDEH4MET
r_0236,STKEMERED34
r_0237,HMR_1509
r_0238,C4METSTEOXI
r_0239,HMR_1503
r_0240,C4METSTEOXI2
r_0241,SMDOXI444
r_0242,C5STDS
r_0243,C8STI
r_0244,C24STRer
r_0249,CAAFAR
r_0250,CBPS
r_0252,CSNATr
r_0253,CSNATp
r_0254,CSNATm
r_0255,CAT
r_0256,CATp
r_0259,CERH124r
r_0260,CER1HYDLAS24C
r_0261,CERH126r
r_0262,CER1HYDLAS26C
r_0263,CERS124er
r_0264,CERS126er
r_0265,CERS224er
r_0266,CERS226er
r_0267,CERS324r
r_0268,CERS326r
r_0269,CER4SYN24C
r_0270,CER4SYN26C
r_0271,CHIDEA
r_0272,CHISYN
r_0273,CHOLK
r_0274,CHLPCTD
r_0278,CHORM
r_0279,CHORS
r_0280,ACN_b_m
r_0281,FRTTlp
r_0282,GGTTlp
r_0283,PPTTlp
r_0284,HEXTTlp
r_0285,CISPRESTE05
r_0286,CISPRESTE06
r_0287,CISPRESTE07
r_0288,UDPDPSlp
r_0289,CISPRESTE09
r_0290,CISPRESTE10
r_0291,CISPRESTE11
r_0292,CISPRESTE12
r_0293,CISPRESTE13
r_0294,CISPRESTE14
r_0295,CISPRESTE15
r_0296,CISPRESTE16
r_0297,CISPRESTE17
r_0298,CISPRESTE18
r_0299,CISPRESTE19
r_0300,CSm
r_0301,CSp
r_0302,ACN_a_m
r_0303,ACONTa
r_0304,CPPPGO
r_0306,CTPS2
r_0307,CTPS1
r_0308,CYSTL
r_0309,CYSTS
r_0310,CYSTGL
r_0311,METB1
r_0312,CYSS
r_0313,CYSTRS
r_0314,CYTD
r_0315,CYTDK2
r_0317,LNS14DM
r_0318,CSND
r_0319,DARA14LACOXI
r_0320,ARAB1D1
r_0321,ARAB1D2
r_0322,FBA2
r_0323,SBTD_D2
r_0326,DCMPDA
r_0327,DCTPD
r_0328,DADA
r_0329,DCYTD
r_0330,DGK1
r_0331,DEOSYNCYTMIT
r_0332,DRBK
r_0334,DPCOAKm
r_0335,DBTS
r_0340,DIH
r_0341,DIH2
r_0342,DIH3
r_0343,DIH4
r_0344,DHFR
r_0345,DHFRim
r_0346,DHFS
r_0347,DHNPA2m
r_0348,DNMPPA
r_0349,DHORTS
r_0350,DIHSYN
r_0351,FOLD3m
r_0352,DHAD1m
r_0353,DHAD2m
r_0354,DHAK
r_0355,DMATT
r_0356,DPGM
r_0357,DTK1346
r_0358,DTKSYN1346
r_0359,DIPS
r_0360,DOLK
r_0361,DOLPMTcer
r_0362,DOLPMMer
r_0363,DTMPK
r_0364,DUTPDP
r_0365,EPGALURSe
r_0366,ENO
r_0368,ETHAK
r_0369,ETHACEHYDEST
r_0370,13BGHe
r_0373,FRTT
r_0399,FATACICOALIGDEC
r_0400,FACOAL120p
r_0402,FACOAL160p
r_0410,FACOAL80p
r_0412,FACOAL140p
r_0436,FCLTm
r_0437,CCP2m
r_0438,FERCOXOXI
r_0439,UBICRED
r_0440,FMNAT
r_0441,FMNRx
r_0442,FMNRx2
r_0443,FALDH
r_0445,FDH
r_0446,FTHFLi
r_0447,FTHFLmi
r_0448,FBP26
r_0449,FBP
r_0450,FBA
r_0451,FUMm
r_0452,FUM
r_0453,DHORDfum
r_0454,FRDm
r_0455,FRD
r_0457,GTMLT
r_0458,GALKr
r_0459,GALT
r_0460,GLUCYS
r_0461,GGTT
r_0462,GRTT
r_0463,GLCGSD
r_0464,GLCGSDv
r_0465,G6PDA
r_0466,G6PDH2r
r_0467,PGI
r_0468,GLU5K
r_0469,GLUDC
r_0470,GLUDxi
r_0471,GLUDy
r_0472,GLUSx
r_0473,G5SD
r_0475,GLUN
r_0476,GLNS
r_0477,GF6PTA
r_0478,GLNTRS
r_0479,GLUTRS
r_0480,GLUTRSm
r_0481,GTHOr
r_0482,GTHOm
r_0483,GTHPi
r_0484,GTHPm
r_0485,GTHS
r_0486,GAPD
r_0487,GLYCDy
r_0488,GLYK
r_0489,G3PT
r_0490,G3PDm
r_0491,G3PD1ir
r_0492,G3PD1irm
r_0497,GPDDA1
r_0499,GARFT
r_0500,GLYAT
r_0501,GLYCLm
r_0502,GHMT2r
r_0503,GHMT2rm
r_0504,GCC2am
r_0505,GCC2cm
r_0506,GCCam
r_0507,GCCbim
r_0508,GCCcm
r_0509,GCC2bim
r_0510,GLYSTASYN
r_0511,GLCP
r_0512,GLYTRS
r_0514,GMPS2
r_0518,ACGPIDr
r_0519,GPIANCASSSTE5
r_0520,GPIANCASSSTE6
r_0521,GPIANCASSSTE7
r_0522,GPIANCASSSTE8
r_0523,GPIANCASSSTE9
r_0524,GTPCI
r_0525,GTPCII2
r_0526,GUAD
r_0527,GUAPRT
r_0528,GK1
r_0529,GK2
r_0530,HEMEOMOm
r_0531,HEMEOSm
r_0532,HEXAPRBENMET
r_0533,HEX7
r_0534,HEX1
r_0535,HEX4
r_0536,HISTD
r_0537,HISTP
r_0538,HSTPT
r_0539,HISTRS
r_0540,HISTRSm
r_0541,ARMT
r_0542,HACNHm
r_0543,HOMSYN
r_0544,HCYSMT
r_0545,HOMDEH
r_0546,HSDxi
r_0547,HSDy
r_0548,HSK
r_0549,HSERTA
r_0550,THIORDXi
r_0551,THIORDXm
r_0552,THIORDXp
r_0553,GLYOX
r_0554,GLYOXm
r_0555,HBZOPT6m
r_0556,HETZK
r_0557,HMBS
r_0558,HMGCOAR
r_0559,HMGCOAS
r_0560,HMGCOASm
r_0561,HMPK1
r_0562,HXPRT
r_0563,IG3PS
r_0564,IGPDH
r_0565,IMPD
r_0566,IGPS
r_0567,INDPYRD
r_0568,PPA
r_0569,PPAm
r_0570,IMPC
r_0571,IPKIN134562
r_0572,ITKIN13456n
r_0573,ITKKIN14563n
r_0574,ITKIN1456n
r_0575,MI145PKn_copy
r_0596,IPSPHOC
r_0597,IPSPHOC2
r_0598,IPSPHOC3
r_0599,IPSPHOC4
r_0600,IPSPHOC5
r_0601,IPSPHOC6
r_0602,IPSPHOC7
r_0603,IPSPHOC8
r_0604,IPSPHOC9
r_0605,IPSPHOC10
r_0606,IPSPHOC11
r_0607,IPSPHOC12
r_0608,IPSPHOC13
r_0609,IPSPHOC14
r_0610,IPSPHOC15
r_0611,IPSPHOC16
r_0612,IPSPHOC17
r_0613,IPSPHOC18
r_0614,IPSPHOC19
r_0615,IPSPHOC20
r_0616,IPSPHOC21
r_0617,IPSPHOC22
r_0618,IPSPHOC23
r_0619,IPSPHOC24
r_0620,IPSPHOC25
r_0621,IPSPHOC26
r_0622,IPSPHOC27
r_0623,IPSPHOC28
r_0624,IPSPHOC29
r_0625,IPSPHOC30
r_0626,IPSPHOC31
r_0627,IPSPHOC32
r_0628,IPSPHOC33
r_0629,IPSPHOC34
r_0630,IPSPHOC35
r_0631,IPSPHOC36
r_0632,IPSPHOC37
r_0633,IPSPHOC38
r_0634,IPSPHOC39
r_0635,IPSPHOC40
r_0636,IPSPHOC41
r_0637,IPSPHOC42
r_0638,IPSPHOC43
r_0639,IPSPHOC44
r_0640,IPSPHOC45
r_0641,IPSPHOC46
r_0642,IPSPHOC47
r_0643,IPSPHOC48
r_0644,IPSPHOC49
r_0645,IPSPHOC50
r_0646,IPSPHOC51
r_0647,IPSPHOC52
r_0648,IPSPHOC53
r_0649,IPSPHOC54
r_0650,IPSPHOC55
r_0651,IPSPHOC56
r_0652,IPSPHOC57
r_0653,IPSPHOC58
r_0654,IPSPHOC59
r_0655,IPSPHOC60
r_0656,ACHLE1
r_0657,ACHLE2
r_0658,ICDHxm
r_0659,ICDHyr
r_0661,ICDHyp
r_0662,ICL
r_0663,ILETA
r_0664,ILETAm
r_0665,ILETRS
r_0666,ILETRSm
r_0667,IPDDI
r_0668,ITCOALm
r_0669,KARA2im
r_0670,KYN
r_0671,KYN3OX
r_0672,PHCDm
r_0673,4HGLSDm
r_0674,ALATA_Lm
r_0675,THRA2
r_0676,ATHRDHr
r_0678,AASAD1
r_0679,ASNN
r_0680,ASNNe
r_0681,EHGLAT
r_0682,EHGLATm
r_0683,EHGLATp
r_0687,LHYDPROREDNAD
r_0688,LALDO3
r_0689,SERD_L
r_0690,LSERDHr
r_0691,SBTD_L
r_0692,THRD_L
r_0693,THRD_Lm
r_0694,TRPO2
r_0695,TYRNFT
r_0696,LCADi
r_0697,LGTHL
r_0698,LNSTLS
r_0699,LEUTA
r_0700,LEUTAm
r_0701,LEUTRS
r_0702,LEUTRSm
r_0703,LEUA4HYD
r_0704,LEUA4HYD2
r_0705,LEUA4HYD3
r_0706,LEUA4HYD4
r_0707,LTA4H
r_0708,LTA4Hn
r_0711,LYSTRS
r_0712,LYSTRSm
r_0713,MDHm
r_0714,MDH
r_0715,MDHp
r_0716,MALS
r_0717,MALSp
r_0718,ME1m
r_0719,ME2m
r_0721,MCOATAm
r_0722,MAN1PT
r_0723,MAN6PI
r_0724,MTHFCm
r_0725,MTHFC
r_0726,METAT
r_0727,METS
r_0728,FMETTRSm
r_0729,METTRS
r_0730,METTRSm
r_0731,MTHFD2i
r_0732,MTHFD
r_0733,MTHFDm
r_0734,MCITL2m
r_0735,MEVK1
r_0736,MEVK2
r_0737,MEVK3
r_0738,MEVK4
r_0739,DPMVD
r_0747,MIPSYN
r_0748,MIPSYN2
r_0749,MIPSYN3
r_0750,MIPSYN4
r_0751,MIPSYN5
r_0752,MIPSYN6
r_0753,MIPSYN7
r_0754,MIPSYN8
r_0755,MIPSYN9
r_0756,MIPSYN10
r_0757,MI1PP
r_0758,MI1PS
r_0759,AGPRim
r_0760,ACGAM6PS
r_0761,ACGSm
r_0762,FKYNH
r_0763,NFOROXI
r_0764,NADDPp
r_0765,NADK
r_0766,NADKm
r_0767,NADNn
r_0768,NADS2
r_0769,DNGALn
r_0770,NADH2_u6cm
r_0771,NADKIN
r_0772,NADKINMIT
r_0773,NADH2_u6m
r_0774,NAPRT
r_0775,NAPRTm
r_0781,NNAM
r_0782,NNMT
r_0783,NMNAT
r_0784,NMNATn
r_0785,NNATr
r_0786,NNDPR
r_0787,NNDPRm
r_0788,NDP1
r_0789,NDP3
r_0790,NDP7
r_0791,NDP7g
r_0792,CDPPH
r_0793,IDPA
r_0795,NDPK3
r_0796,NDPK8
r_0797,NDPK7
r_0798,NDPK5
r_0799,NDPK4
r_0800,NDPK1
r_0801,NDPK9
r_0802,NDPK10
r_0803,NDPK6
r_0804,NTP3
r_0805,NTP7
r_0806,NTP5
r_0807,NTP10
r_0810,NDP3g
r_0811,NDPK2
r_0812,AHSERL
r_0813,AHSERL2
r_0815,SHSL1
r_0816,OCBT
r_0817,ORNDC
r_0818,ORNTACim
r_0819,ORNTA
r_0820,ORPT
r_0821,OMPDC
r_0831,AKGDbm
r_0832,AKGDam
r_0841,PTPATi
r_0842,PNTK
r_0843,PANTS
r_0844,PERACYCOATHI
r_0845,PTE11x
r_0847,PTE2x
r_0848,PTE7x
r_0849,PTE8x
r_0850,PTE9x
r_0851,PHETA1
r_0852,PHETRS
r_0853,PHETRSm
r_0854,PPYRDC
r_0855,PRAIS
r_0882,PHOMUT
r_0883,PAPSR
r_0884,PPCK
r_0885,PETHCT
r_0886,PFK
r_0887,PFK_3
r_0888,PGMT
r_0889,GND
r_0890,PGAMT
r_0891,PGCD
r_0892,PGK
r_0893,PGM
r_0902,PMANM
r_0903,PMPK
r_0904,PMEVK
r_0905,PPNCL2
r_0906,PPCDC
r_0907,PPM
r_0908,PRASCSi
r_0909,PRAMPC
r_0910,PRATPP
r_0911,AIRC1_copy
r_0912,AICART
r_0913,PRAIi
r_0914,PRAGSr
r_0915,GLUPRT
r_0916,PRPPS
r_0917,PSP_L
r_0918,PSERT
r_0919,PHY
r_0920,PHY2
r_0921,PSPHPLr
r_0922,PSPHSr
r_0929,POLYAO
r_0935,PPBNGS
r_0936,POLYAO2
r_0937,POLYAO3
r_0938,PPNDH
r_0939,PPND2
r_0940,PROD2m_copy
r_0941,PROTRS_1
r_0942,PPPGOm
r_0943,PNP
r_0949,PUNP3
r_0950,PUNP3m
r_0951,PUNP5
r_0953,PYDXO
r_0954,PYAM5PO
r_0955,PDX5POi
r_0956,PYDXNO
r_0957,P5CR
r_0958,PC
r_0959,PYRDC
r_0960,PYRDC2
r_0961,PDHm
r_0962,PYK
r_0963,QUIOXI
r_0965,RBFK
r_0966,RBFKm
r_0967,RBFSa
r_0968,RBFSb
r_0969,RBK
r_0970,RNTR1
r_0971,RNTR3
r_0972,RNTR2
r_0973,RNTR4
r_0974,RNDR1
r_0975,RNDR1n
r_0976,RNDR3
r_0977,RNDR3n
r_0978,RNDR2
r_0979,RNDR2n
r_0982,RPI
r_0983,RNMK
r_0984,RPE
r_0985,3DH5HPBMTm
r_0986,SAM24MT
r_0987,SFGTHi
r_0988,SACCD2
r_0989,SACCD1
r_0990,FBA3
r_0992,SERAT
r_0993,SERPTr
r_0995,SERTRS
r_0996,SHK3Dr
r_0997,SHKK
r_0998,SHCHD2
r_0999,SHCHF
r_1000,FUMREDFMN
r_1001,SPMS
r_1002,SPRMS
r_1003,SGPL11r
r_1004,SBPP2er
r_1005,SBPP1er
r_1006,SLCBK2r
r_1007,SLCBK1r
r_1008,ACONIm
r_1009,ACONIs
r_1010,SQLErx
r_1011,SQLEr
r_1012,SQLS
r_1021,SUCD2_u6m
r_1022,SUCOASm
r_1023,SSALy
r_1024,SUCRe
r_1025,SADT
r_1026,SLFAT
r_1027,SULR
r_1029,TAUDO
r_1030,THFATm
r_1031,THFGLUS
r_1032,THMDPe
r_1033,THMPe
r_1034,TMDPK
r_1035,TMDPPK
r_1036,TMPPP
r_1037,THIORDXni
r_1038,TRDR
r_1039,TRDRm
r_1040,THRA
r_1041,THRS
r_1042,THRTRS
r_1043,THRTRSm
r_1045,TMDS
r_1046,ACONMT
r_1047,PPTTm
r_1048,TALA
r_1049,TKT1
r_1050,TKT2
r_1051,TRE6PP
r_1054,TPI
r_1055,TRPS1
r_1056,TRPTA
r_1057,TRPTRS
r_1058,TRPTRSm
r_1063,TYRTA
r_1065,TYRTAip
r_1066,TYRTRS
r_1067,TYRTRSm
r_1068,ERGSTGLCT
r_1069,UDPNACEDIP
r_1070,UDPG4E
r_1071,UGLT
r_1072,UMPK
r_1073,UMPKn
r_1074,UPPRT
r_1075,UREASE
r_1076,UGLYCH
r_1077,URIK1
r_1078,URIK2
r_1079,URIDK2r
r_1080,URIDK2rn
r_1081,UPPDC1
r_1082,UPP3MT
r_1083,UPP3S
r_1084,GALUi
r_1087,VALTA
r_1088,VALTAim
r_1089,VALTRS
r_1090,VALTRSm
r_1091,XPPT
r_1092,XYLTD_D
r_1093,XYLR
r_1094,XYLK
r_1095,YUMSYN
r_1619,NTD9
r_1838,HOMSYN2
r_2029,PYDXNK
r_2112,KYNAMI
r_2113,SPOKYNACITOQUIACI
r_2114,QUILSYN_copy
r_2115,ALCD2ir
r_2116,ALDD2x_copy
r_2117,PHETRA
r_2118,araphe3
r_2119,TYRTRA
r_2126,SBP_copy
r_2131,ICDHym
r_2140,FATACYCOASYNNC16
r_2141,FATACYCOASYNNC18
r_2142,3OAS40_m
r_2143,KAOHAASYN3
r_2144,KAOOAASYN3
r_2145,3OAR40_m
r_2146,3OAR60_m
r_2147,OAAHOAARED33
r_2148,HATTBEADHT32
r_2149,3HAD61_m
r_2150,HATTOEADHT32
r_2151,ENOACPREDBUTANOACP
r_2152,ENOACPREDHEXANOACP
r_2153,ENOACPREDOCTANOACP
r_2154,OXTEDECO3
r_2155,ELOI3OXOPALCOA
r_2156,3OACOASerm
r_2157,RE0565erm
r_2158,RE0569erm
r_2159,RE0573erm
r_2160,HMR_2215erm
r_2161,KCHTDCRED3
r_2162,KCHPCRED3
r_2163,RE0581erm
r_2164,RE0566erm
r_2165,RE0570erm
r_2166,RE0574erm
r_2167,KCHHACRED3
r_2168,ECOAH6erm
r_2169,ECOAH7erm
r_2170,RE0582erm
r_2171,HACTIECDHT2
r_2172,HACTDECDHT2
r_2173,RE0575erm
r_2174,HACTHAECDHT2
r_2175,ACOAR6erm
r_2176,ACOAR7erm
r_2177,ECOARerm
r_2178,TRENCORED21
r_2179,TRENCORED22
r_2180,RE0576erm
r_2181,TRENCORED23
r_2182,DESAT16_2erm
r_2183,STCOerm
r_2194,FACOAL120erm
r_2195,FACOAL140erm
r_2196,FACOAL160erm
r_2197,FACOAL161erm
r_2198,FACOAL180erm
r_2199,FACOAerm
r_2200,FACOAL120lp
r_2201,FACOAL140lp
r_2202,FACOAL160lp
r_2203,FACOAL161lp
r_2204,FACOAL180lp
r_2205,FACOAlp
r_2206,FACOAL161p
r_2207,FACOAL180x
r_2208,FACOAP
r_2209,FACOAL200ce
r_2210,DOCOSACTce
r_2211,FACOAL240ce
r_2212,FACOAL260ce
r_2213,DOCOSACTerm
r_2214,FACOAL240erm
r_2215,FACOAL260erm
r_2216,DOCOSACTlp
r_2217,FACOAL240lp
r_2218,FACOAL260lp
r_2232,PERACYCOATHI40
r_2233,HXCOAx
r_2234,FACOAE161x
r_2235,PERACYCOATHI181
r_2236,HMR_3102
r_2237,HMR_3098
r_2238,ACYCOAOXIOCTANOCOA
r_2239,ACYCOAOXIICOSANCOA
r_2240,ACYCOAOXIDOCOSACOA
r_2241,HMR_3062
r_2242,ACYCOAOXIPALCOA
r_2243,ACCTDECOXI7
r_2244,ACCDECOXI5
r_2245,ACYCOAOXIOLECOA
r_2246,ACCHAECOXI7
r_2247,ACCTDECOXI5
r_2248,ECOAH4p
r_2249,ECOAH5p
r_2250,ECOAH6p
r_2251,ECOAH7p
r_2252,HMR_3075
r_2253,ECHHACHYT231
r_2254,ECHBACHYT23
r_2255,ECHHACHYT232
r_2256,ECHOACHYT23
r_2257,ECHISCHYT23
r_2258,ECHDOCHYT23
r_2259,ECHTCCHYT23
r_2260,ECHCHAECHYT239
r_2261,ECHCTDECHYT237
r_2262,ECHCDECHYT235
r_2263,ECHCOAECHYT239
r_2264,ECHCHAECHYT237
r_2265,ECHCTDECHYT235
r_2266,HACD4p
r_2267,HACD5p
r_2268,HACD7p
r_2269,HMR_3076
r_2270,HACOHACDHG331
r_2271,HACOBACDHG33
r_2272,HACOHACDHG332
r_2273,HACOOACDHG33
r_2274,HACOISCDHG33
r_2275,HACODOCDHG33
r_2276,HACOTCCDHG33
r_2277,HACOCHAECDHG339
r_2278,HACOCTDECDHG337
r_2279,HACOCDECDHG335
r_2280,HACOCOAECDHG339
r_2281,HACOCHAECDHG337
r_2282,HACOCTDECDHG335
r_2283,ACACT1x
r_2284,ACACT2
r_2285,ACACT3
r_2286,HMR_3073
r_2287,HMR_3069
r_2288,HMR_3065
r_2289,ACCTDECATR7
r_2290,ACCDECATR5
r_2291,ACCDECATR31
r_2292,ACCHAECATR7
r_2293,ACCTDECATR5
r_2294,ACCDECATR32
r_2295,ECCDEC31
r_2296,ECTCDC25
r_2297,FAOXC121x
r_2298,ECCDEC32
r_2299,ECTCTDC25
r_2300,ECTTDEC3
r_2301,DDDCTCDC352435
r_2302,DDDCTCTDC352435
r_2303,DCTTDCRED2424
r_2304,DCTTTDCRED2424
r_2305,ACONTb
r_2308,G3PAT160erm
r_2309,GLY3PHOACY161ERM
r_2310,GLY3PHOACY180ERM
r_2311,GLY3PHOACY181ERM
r_2312,DIHACEPHOACY160ERM
r_2313,DIHACEPHOACY161ERM
r_2314,DIHACEPHOACY180ERM
r_2315,DIHACEPHOACY181ERM
r_2316,3PAT160lp
r_2317,GLY3PHOACY161LIP
r_2318,GLY3PHOACY180LIP
r_2319,GLY3PHOACY181LIP
r_2320,DIHACEPHOACY160LIP
r_2321,DIHACEPHOACY161LIP
r_2322,DIHACEPHOACY180LIP
r_2323,DIHACEPHOACY181LIP
r_2324,ACYDHARED160ERM
r_2325,ACYDHARED161ERM
r_2326,ACYDHARED180ERM
r_2327,ACYDHARED181ERM
r_2328,ACYDHARED160LIP
r_2329,ACYDHARED161LIP
r_2330,ACYDHARED180LIP
r_2331,ACYDHARED181LIP
r_2332,AGPATR1311602161erm
r_2333,AGPATR1311602181erm
r_2334,AGPATR1311612161erm
r_2335,AGPATR1311612181erm
r_2336,AGPATR1311802161erm
r_2337,AGPATR1311802181erm
r_2338,AGPATR1311812161erm
r_2339,AGPATR1311812181erm
r_2340,AGPATR1311602181lp
r_2341,AGPATR1311612181lp
r_2342,AGPATR1311802181lp
r_2343,AGPATR1311812181lp
r_2344,PHT11602161erm
r_2345,PHT11602181erm
r_2346,PAPA161erm
r_2347,PHT11612181erm
r_2348,PHT11802161erm
r_2349,PHT11802181erm
r_2350,PHT11812161erm
r_2351,PHT11812181erm
r_2352,PHT11602161vm
r_2353,PHT11602181vm
r_2354,PAPA161vm
r_2355,PHT11612181vm
r_2356,PHT11802161vm
r_2357,PHT11802181vm
r_2358,PHT11812161vm
r_2359,PHT11812181vm
r_2360,PHT11602161gm
r_2361,PHT11602181gm
r_2362,PAPA161gm
r_2363,PHT11612181gm
r_2364,PHT11802161gm
r_2365,PHT11802181gm
r_2366,PHT11812161gm
r_2367,PHT11812181gm
r_2368,DATR116021613160erm
r_2369,DATR116021813160erm
r_2370,DATR116121613160erm
r_2371,DATR116121813160erm
r_2372,DATR118021613160erm
r_2373,DATR118021813160erm
r_2374,DATR118121613160erm
r_2375,DATR118121813160erm
r_2376,DATR116021613161erm
r_2377,DATR116021813161erm
r_2378,ACOADAGAT_HDE_HDE_HDE_erm
r_2379,DATR116121813161erm
r_2380,DATR118021613161erm
r_2381,DATR118021813161erm
r_2382,DATR118121613161erm
r_2383,DATR118121813161erm
r_2384,DATR116021613180erm
r_2385,DATR116021813180erm
r_2386,DATR116121613180erm
r_2387,DATR116121813180erm
r_2388,DATR118021613180erm
r_2389,DATR118021813180erm
r_2390,DATR118121613180erm
r_2391,DATR118121813180erm
r_2392,DATR116021613181erm
r_2393,DATR116021813181erm
r_2394,DATR116121613181erm
r_2395,DATR116121813181erm
r_2396,DATR118021613181erm
r_2397,DATR118021813181erm
r_2398,DATR118121613181erm
r_2399,DATR118121813181erm
r_2400,DATR116021613160lp
r_2401,DATR116021813160lp
r_2402,DATR116121613160lp
r_2403,DATR116121813160lp
r_2404,DATR118021613160lp
r_2405,DATR118021813160lp
r_2406,DATR118121613160lp
r_2407,DATR118121813160lp
r_2408,DATR116021613161lp
r_2409,DATR116021813161lp
r_2410,ACOADAGAT_HDE_HDE_HDE_lp
r_2411,DATR116121813161lp
r_2412,DATR118021613161lp
r_2413,DATR118021813161lp
r_2414,DATR118121613161lp
r_2415,DATR118121813161lp
r_2416,DATR116021613180lp
r_2417,DATR116021813180lp
r_2418,DATR116121613180lp
r_2419,DATR116121813180lp
r_2420,DATR118021613180lp
r_2421,DATR118021813180lp
r_2422,DATR118121613180lp
r_2423,DATR118121813180lp
r_2424,DATR116021613181lp
r_2425,DATR116021813181lp
r_2426,DATR116121613181lp
r_2427,DATR116121813181lp
r_2428,DATR118021613181lp
r_2429,DATR118021813181lp
r_2430,DATR118121613181lp
r_2431,DATR118121813181lp
r_2432,CDSYN11602161erm
r_2433,CDSYN11612161erm
r_2434,CDSYN11802161erm
r_2435,CDSYN11812161erm
r_2436,CDSYN11602181erm
r_2437,CDSYN11612181erm
r_2438,CDSYN11802181erm
r_2439,CDSYN11812181erm
r_2440,CDSYN11602161mm
r_2441,CDSYN11612161mm
r_2442,CDSYN11802161mm
r_2443,CDSYN11812161mm
r_2444,CDSYN11602181mm
r_2445,CDSYN11612181mm
r_2446,PSSYN11602161erm
r_2447,PSSYN11612161erm
r_2448,PSSYN11802161erm
r_2449,PSSYN11812161erm
r_2450,PSSYN11602181erm
r_2451,PSSYN11612181erm
r_2452,PSSYN11802181erm
r_2453,PSSYN11812181erm
r_2454,PISYN11602161erm
r_2455,PISYN11612161erm
r_2456,PISYN11802161erm
r_2457,PISYN11812161erm
r_2458,PISYN11602181erm
r_2459,PISYN11612181erm
r_2460,PISYN11802181erm
r_2461,PISYN11812181erm
r_2462,LATR11802161erm
r_2463,LATR11802181erm
r_2464,PSDEC11602161mm
r_2465,PSDEC11612161mm
r_2466,PSDEC11802161mm
r_2467,PSDEC11812161mm
r_2468,PSDEC11602181mm
r_2469,PSDEC11612181mm
r_2470,PSDEC11802181mm
r_2471,PSDEC11812181mm
r_2472,PSDEC11602161gm
r_2473,PSDEC11612161gm
r_2474,PSDEC11802161gm
r_2475,PSDEC11812161gm
r_2476,PSDEC11602181gm
r_2477,PSDEC11612181gm
r_2478,PSDEC11802181gm
r_2479,PSDEC11812181gm
r_2480,PSDEC11602161vm
r_2481,PSDEC11612161vm
r_2482,PSDEC11802161vm
r_2483,PSDEC11812161vm
r_2484,PSDEC11602181vm
r_2485,PSDEC11612181vm
r_2486,PSDEC11802181vm
r_2487,PSDEC11812181vm
r_2488,PEMET11602161erm
r_2489,PEMET11612161erm
r_2490,PEMET11802161erm
r_2491,PEMET11812161erm
r_2492,PEMET11602181erm
r_2493,PEMET11612181erm
r_2494,PEMET11802181erm
r_2495,PEMET11812181erm
r_2496,PMMET11602161erm
r_2497,PMMET11612161erm
r_2498,PMMET11802161erm
r_2499,PMMET11812161erm
r_2500,PMMET11602181erm
r_2501,PMMET11612181erm
r_2502,PMMET11802181erm
r_2503,PMMET11812181erm
r_2504,PDMET11602161erm
r_2505,PDMET11612161erm
r_2506,PDMET11802161erm
r_2507,PDMET11812161erm
r_2508,PDMET11602181erm
r_2509,PDMET11612181erm
r_2510,PDMET11802181erm
r_2511,PDMET11812181erm
r_2512,DKIN11602161erm
r_2513,DKIN11612161erm
r_2514,DKIN11802161erm
r_2515,DKIN11812161erm
r_2516,DKIN11602181erm
r_2517,DKIN11612181erm
r_2518,DKIN11802181erm
r_2519,DKIN11812181erm
r_2520,ETH11602161ERM
r_2521,ETHAPT_HDE_HDE_erm
r_2522,ETH11802161ERM
r_2523,ETH11812161ERM
r_2524,ETH11602181ERM
r_2525,ETH11612181ERM
r_2526,ETH11802181ERM
r_2527,ETH11812181ERM
r_2528,CHO11602161ERM
r_2529,CHOPT_HDE_HDE_erm
r_2530,CHO11802161ERM
r_2531,CHO11812161ERM
r_2532,CHO11602181ERM
r_2533,CHO11612181ERM
r_2534,CHO11802181ERM
r_2535,CHO11812181ERM
r_2536,PSYN11602161mm
r_2537,PSYN11612161mm
r_2538,PSYN11802161mm
r_2539,PSYN11812161mm
r_2540,PSYN11602181mm
r_2541,PSYN11612181mm
r_2542,PPHT11602161mm
r_2543,PPHT11612161mm
r_2544,PPHT11802161mm
r_2545,PPHT11812161mm
r_2546,PPHT11602181mm
r_2547,PPHT11612181mm
r_2548,SYN1160216131604161mm
r_2549,SYN1160216131614161mm
r_2550,SYN1160216131804161mm
r_2551,SYN1160216131814161mm
r_2552,SYN1160216131604181mm
r_2553,SYN1160216131614181mm
r_2554,SYN1161216131604161mm
r_2555,SYN1161216131614161mm
r_2556,SYN1161216131804161mm
r_2557,SYN1161216131814161mm
r_2558,SYN1161216131604181mm
r_2559,SYN1161216131614181mm
r_2560,SYN1180216131604161mm
r_2561,SYN1180216131614161mm
r_2562,SYN1180216131804161mm
r_2563,SYN1180216131814161mm
r_2564,SYN1180216131604181mm
r_2565,SYN1180216131614181mm
r_2566,SYN1181216131604161mm
r_2567,SYN1181216131614161mm
r_2568,SYN1181216131804161mm
r_2569,SYN1181216131814161mm
r_2570,SYN1181216131604181mm
r_2571,SYN1181216131614181mm
r_2572,SYN1160218131604161mm
r_2573,SYN1160218131614161mm
r_2574,SYN1160218131804161mm
r_2575,SYN1160218131814161mm
r_2576,SYN1160218131604181mm
r_2577,SYN1160218131614181mm
r_2578,SYN1161218131604161mm
r_2579,SYN1161218131614161mm
r_2580,SYN1161218131804161mm
r_2581,SYN1161218131814161mm
r_2582,SYN1161218131604181mm
r_2583,SYN1161218131614181mm
r_2584,PPPL11602161316041611mm
r_2585,PPPL11602161316141611mm
r_2586,PPPL11602161318041611mm
r_2587,PPPL11602161318141611mm
r_2588,PPPL11602161316041811mm
r_2589,PPPL11602161316141811mm
r_2590,PPPL11802161316041611mm
r_2591,PPPL11802161316141611mm
r_2592,PPPL11802161318041611mm
r_2593,PPPL11802161318141611mm
r_2594,PPPL11802161316041811mm
r_2595,PPPL11802161316141811mm
r_2596,PPPL11602181316041611mm
r_2597,PPPL11602181316141611mm
r_2598,PPPL11602181318041611mm
r_2599,PPPL11602181318141611mm
r_2600,PPPL11602181316041811mm
r_2601,PPPL11602181316141811mm
r_2602,PPPL11602161316041613mm
r_2603,PPPL11602161318041613mm
r_2604,PPPL11602161316041813mm
r_2605,PPPL11612161316041613mm
r_2606,PPPL11612161318041613mm
r_2607,PPPL11612161316041813mm
r_2608,PPPL11802161316041613mm
r_2609,PPPL11802161318041613mm
r_2610,PPPL11802161316041813mm
r_2611,PPPL11812161316041613mm
r_2612,PPPL11812161318041613mm
r_2613,PPPL11812161316041813mm
r_2614,PPPL11602181316041613mm
r_2615,PPPL11602181318041613mm
r_2616,PPPL11602181316041813mm
r_2617,PPPL11612181316041613mm
r_2618,PPPL11612181318041613mm
r_2619,PPPL11612181316041813mm
r_2620,MATR21613160416111602161mm
r_2621,MATR21613160416111612161mm
r_2622,MATR21613160416111802161mm
r_2623,MATR21613160416111812161mm
r_2624,MATR21613160416111602181mm
r_2625,MATR21613160416111612181mm
r_2626,MATR21613160416111802181mm
r_2627,MATR21613160416111812181mm
r_2628,MATR21613161416111602161mm
r_2629,MATR21613161416111612161mm
r_2630,MATR21613161416111802161mm
r_2631,MATR21613161416111812161mm
r_2632,MATR21613161416111602181mm
r_2633,MATR21613161416111612181mm
r_2634,MATR21613161416111802181mm
r_2635,MATR21613161416111812181mm
r_2636,MATR21613180416111602161mm
r_2637,MATR21613180416111612161mm
r_2638,MATR21613180416111802161mm
r_2639,MATR21613180416111812161mm
r_2640,MATR21613180416111602181mm
r_2641,MATR21613180416111612181mm
r_2642,MATR21613180416111802181mm
r_2643,MATR21613180416111812181mm
r_2644,MATR21613181416111602161mm
r_2645,MATR21613181416111612161mm
r_2646,MATR21613181416111802161mm
r_2647,MATR21613181416111812161mm
r_2648,MATR21613181416111602181mm
r_2649,MATR21613181416111612181mm
r_2650,MATR21613181416111802181mm
r_2651,MATR21613181416111812181mm
r_2652,MATR21613160418111602161mm
r_2653,MATR21613160418111612161mm
r_2654,MATR21613160418111802161mm
r_2655,MATR21613160418111812161mm
r_2656,MATR21613160418111602181mm
r_2657,MATR21613160418111612181mm
r_2658,MATR21613160418111802181mm
r_2659,MATR21613160418111812181mm
r_2660,MATR21613161418111602161mm
r_2661,MATR21613161418111612161mm
r_2662,MATR21613161418111802161mm
r_2663,MATR21613161418111812161mm
r_2664,MATR21613161418111602181mm
r_2665,MATR21613161418111612181mm
r_2666,MATR21613161418111802181mm
r_2667,MATR21613161418111812181mm
r_2668,MATR21813160416111602161mm
r_2669,MATR21813160416111612161mm
r_2670,MATR21813160416111802161mm
r_2671,MATR21813160416111812161mm
r_2672,MATR21813160416111602181mm
r_2673,MATR21813160416111612181mm
r_2674,MATR21813160416111802181mm
r_2675,MATR21813160416111812181mm
r_2676,MATR21813161416111602161mm
r_2677,MATR21813161416111612161mm
r_2678,MATR21813161416111802161mm
r_2679,MATR21813161416111812161mm
r_2680,MATR21813161416111602181mm
r_2681,MATR21813161416111612181mm
r_2682,MATR21813161416111802181mm
r_2683,MATR21813161416111812181mm
r_2684,MATR21813180416111602161mm
r_2685,MATR21813180416111612161mm
r_2686,MATR21813180416111802161mm
r_2687,MATR21813180416111812161mm
r_2688,MATR21813180416111602181mm
r_2689,MATR21813180416111612181mm
r_2690,MATR21813180416111802181mm
r_2691,MATR21813180416111812181mm
r_2692,MATR21813181416111602161mm
r_2693,MATR21813181416111612161mm
r_2694,MATR21813181416111802161mm
r_2695,MATR21813181416111812161mm
r_2696,MATR21813181416111602181mm
r_2697,MATR21813181416111612181mm
r_2698,MATR21813181416111802181mm
r_2699,MATR21813181416111812181mm
r_2700,MATR21813160418111602161mm
r_2701,MATR21813160418111612161mm
r_2702,MATR21813160418111802161mm
r_2703,MATR21813160418111812161mm
r_2704,MATR21813160418111602181mm
r_2705,MATR21813160418111612181mm
r_2706,MATR21813160418111802181mm
r_2707,MATR21813160418111812181mm
r_2708,MATR21813161418111602161mm
r_2709,MATR21813161418111612161mm
r_2710,MATR21813161418111802161mm
r_2711,MATR21813161418111812161mm
r_2712,MATR21813161418111602181mm
r_2713,MATR21813161418111612181mm
r_2714,MATR21813161418111802181mm
r_2715,MATR21813161418111812181mm
r_2716,MATR11602161416111602161mm
r_2717,MATR11602161416111612161mm
r_2718,MATR11602161416111802161mm
r_2719,MATR11602161416111812161mm
r_2720,MATR11602161416111602181mm
r_2721,MATR11602161416111612181mm
r_2722,MATR11602161416111802181mm
r_2723,MATR11602161416111812181mm
r_2724,MATR11602161418111602161mm
r_2725,MATR11602161418111612161mm
r_2726,MATR11602161418111802161mm
r_2727,MATR11602161418111812161mm
r_2728,MATR11602161418111602181mm
r_2729,MATR11602161418111612181mm
r_2730,MATR11602161418111802181mm
r_2731,MATR11602161418111812181mm
r_2732,MATR11612161416111602161mm
r_2733,MATR11612161416111612161mm
r_2734,MATR11612161416111802161mm
r_2735,MATR11612161416111812161mm
r_2736,MATR11612161416111602181mm
r_2737,MATR11612161416111612181mm
r_2738,MATR11612161416111802181mm
r_2739,MATR11612161416111812181mm
r_2740,MATR11612161418111602161mm
r_2741,MATR11612161418111612161mm
r_2742,MATR11612161418111802161mm
r_2743,MATR11612161418111812161mm
r_2744,MATR11612161418111602181mm
r_2745,MATR11612161418111612181mm
r_2746,MATR11612161418111802181mm
r_2747,MATR11612161418111812181mm
r_2748,MATR11802161416111602161mm
r_2749,MATR11802161416111612161mm
r_2750,MATR11802161416111802161mm
r_2751,MATR11802161416111812161mm
r_2752,MATR11802161416111602181mm
r_2753,MATR11802161416111612181mm
r_2754,MATR11802161416111802181mm
r_2755,MATR11802161416111812181mm
r_2756,MATR11802161418111602161mm
r_2757,MATR11802161418111612161mm
r_2758,MATR11802161418111802161mm
r_2759,MATR11802161418111812161mm
r_2760,MATR11802161418111602181mm
r_2761,MATR11802161418111612181mm
r_2762,MATR11802161418111802181mm
r_2763,MATR11802161418111812181mm
r_2764,MATR11812161416111602161mm
r_2765,MATR11812161416111612161mm
r_2766,MATR11812161416111802161mm
r_2767,MATR11812161416111812161mm
r_2768,MATR11812161416111602181mm
r_2769,MATR11812161416111612181mm
r_2770,MATR11812161416111802181mm
r_2771,MATR11812161416111812181mm
r_2772,MATR11812161418111602161mm
r_2773,MATR11812161418111612161mm
r_2774,MATR11812161418111802161mm
r_2775,MATR11812161418111812161mm
r_2776,MATR11812161418111602181mm
r_2777,MATR11812161418111612181mm
r_2778,MATR11812161418111802181mm
r_2779,MATR11812161418111812181mm
r_2780,MATR11602181416111602161mm
r_2781,MATR11602181416111612161mm
r_2782,MATR11602181416111802161mm
r_2783,MATR11602181416111812161mm
r_2784,MATR11602181416111602181mm
r_2785,MATR11602181416111612181mm
r_2786,MATR11602181416111802181mm
r_2787,MATR11602181416111812181mm
r_2788,MATR11602181418111602161mm
r_2789,MATR11602181418111612161mm
r_2790,MATR11602181418111802161mm
r_2791,MATR11602181418111812161mm
r_2792,MATR11602181418111602181mm
r_2793,MATR11602181418111612181mm
r_2794,MATR11602181418111802181mm
r_2795,MATR11602181418111812181mm
r_2796,MATR11612181416111602161mm
r_2797,MATR11612181416111612161mm
r_2798,MATR11612181416111802161mm
r_2799,MATR11612181416111812161mm
r_2800,MATR11612181416111602181mm
r_2801,MATR11612181416111612181mm
r_2802,MATR11612181416111802181mm
r_2803,MATR11612181416111812181mm
r_2804,MATR11612181418111602161mm
r_2805,MATR11612181418111612161mm
r_2806,MATR11612181418111802161mm
r_2807,MATR11612181418111812161mm
r_2808,MATR11612181418111602181mm
r_2809,MATR11612181418111612181mm
r_2810,MATR11612181418111802181mm
r_2811,MATR11612181418111812181mm
r_2820,PKIN411602161ce
r_2821,PIP4K_HDE_HDE_ce
r_2822,PKIN411802161ce
r_2823,PKIN411812161ce
r_2824,PKIN411602181ce
r_2825,PKIN411612181ce
r_2826,PKIN411802181ce
r_2827,PKIN411812181ce
r_2828,PKIN411602161vm
r_2829,PIP4K_HDE_HDE_vm
r_2830,PKIN411802161vm
r_2831,PKIN411812161vm
r_2832,PKIN411602181vm
r_2833,PKIN411612181vm
r_2834,PKIN411802181vm
r_2835,PKIN411812181vm
r_2836,PKIN411602161gm
r_2837,PIP4K_HDE_HDE_gm
r_2838,PKIN411802161gm
r_2839,PKIN411812161gm
r_2840,PKIN411602181gm
r_2841,PKIN411612181gm
r_2842,PKIN411802181gm
r_2843,PKIN411812181gm
r_2844,PKIN411602161n
r_2845,PIP4K_HDE_HDE_n
r_2846,PKIN411802161n
r_2847,PKIN411812161n
r_2848,PKIN411602181n
r_2849,PKIN411612181n
r_2850,PKIN411802181n
r_2851,PKIN411812181n
r_2852,PKIN311602161vm
r_2853,PIP3K_HDE_HDE_vm
r_2854,PKIN311802161vm
r_2855,PKIN311812161vm
r_2856,PKIN311602181vm
r_2857,PKIN311612181vm
r_2858,PKIN311802181vm
r_2859,PKIN311812181vm
r_2860,PIKIN4511602161n
r_2861,PIKIN4511612161n
r_2862,PIKIN4511802161n
r_2863,PIKIN4511812161n
r_2864,PIKIN4511602181n
r_2865,PIKIN4511612181n
r_2866,PIKIN4511802181n
r_2867,PIKIN4511812181n
r_2868,PIKIN4511602161ce
r_2869,PIKIN4511612161ce
r_2870,PIKIN4511802161ce
r_2871,PIKIN4511812161ce
r_2872,PIKIN4511602181ce
r_2873,PIKIN4511612181ce
r_2874,PIKIN4511802181ce
r_2875,PIKIN4511812181ce
r_2876,PIKIN3511602161vm
r_2877,PIKIN3511612161vm
r_2878,PIKIN3511802161vm
r_2879,PIKIN3511812161vm
r_2880,PIKIN3511602181vm
r_2881,PIKIN3511612181vm
r_2882,PIKIN3511802181vm
r_2883,PIKIN3511812181vm
r_2884,PEDATR1160216111602161erm
r_2885,PEDATR1161216111602161erm
r_2886,PEDATR1180216111602161erm
r_2887,PEDATR1181216111602161erm
r_2888,PEDATR1160218111602161erm
r_2889,PEDATR1161218111602161erm
r_2890,PEDATR1180218111602161erm
r_2891,PEDATR1181218111602161erm
r_2892,PEDATR1160216111612161erm
r_2893,PLDAGAT_HDE_HDE_HDE_PE_11_erm
r_2894,PEDATR1180216111612161erm
r_2895,PEDATR1181216111612161erm
r_2896,PEDATR1160218111612161erm
r_2897,PEDATR1161218111612161erm
r_2898,PEDATR1180218111612161erm
r_2899,PEDATR1181218111612161erm
r_2900,PEDATR1160216111802161erm
r_2901,PEDATR1161216111802161erm
r_2902,PEDATR1180216111802161erm
r_2903,PEDATR1181216111802161erm
r_2904,PEDATR1160218111802161erm
r_2905,PEDATR1161218111802161erm
r_2906,PEDATR1180218111802161erm
r_2907,PEDATR1181218111802161erm
r_2908,PEDATR1160216111812161erm
r_2909,PEDATR1161216111812161erm
r_2910,PEDATR1180216111812161erm
r_2911,PEDATR1181216111812161erm
r_2912,PEDATR1160218111812161erm
r_2913,PEDATR1161218111812161erm
r_2914,PEDATR1180218111812161erm
r_2915,PEDATR1181218111812161erm
r_2916,PEDATR1160216111602181erm
r_2917,PEDATR1161216111602181erm
r_2918,PEDATR1180216111602181erm
r_2919,PEDATR1181216111602181erm
r_2920,PEDATR1160218111602181erm
r_2921,PEDATR1161218111602181erm
r_2922,PEDATR1180218111602181erm
r_2923,PEDATR1181218111602181erm
r_2924,PEDATR1160216111612181erm
r_2925,PEDATR1161216111612181erm
r_2926,PEDATR1180216111612181erm
r_2927,PEDATR1181216111612181erm
r_2928,PEDATR1160218111612181erm
r_2929,PEDATR1161218111612181erm
r_2930,PEDATR1180218111612181erm
r_2931,PEDATR1181218111612181erm
r_2932,PEDATR1160216111802181erm
r_2933,PEDATR1161216111802181erm
r_2934,PEDATR1180216111802181erm
r_2935,PEDATR1181216111802181erm
r_2936,PEDATR1160218111802181erm
r_2937,PEDATR1161218111802181erm
r_2938,PEDATR1180218111802181erm
r_2939,PEDATR1181218111802181erm
r_2940,PEDATR1160216111812181erm
r_2941,PEDATR1161216111812181erm
r_2942,PEDATR1180216111812181erm
r_2943,PEDATR1181216111812181erm
r_2944,PEDATR1160218111812181erm
r_2945,PEDATR1161218111812181erm
r_2946,PEDATR1180218111812181erm
r_2947,PEDATR1181218111812181erm
r_2948,PCDATR1160216111602161erm
r_2949,PCDATR1161216111602161erm
r_2950,PCDATR1180216111602161erm
r_2951,PCDATR1181216111602161erm
r_2952,PCDATR1160218111602161erm
r_2953,PCDATR1161218111602161erm
r_2954,PCDATR1180218111602161erm
r_2955,PCDATR1181218111602161erm
r_2956,PCDATR1160216111612161erm
r_2957,PLDAGAT_HDE_HDE_HDE_PC_3_erm
r_2958,PCDATR1180216111612161erm
r_2959,PCDATR1181216111612161erm
r_2960,PCDATR1160218111612161erm
r_2961,PCDATR1161218111612161erm
r_2962,PCDATR1180218111612161erm
r_2963,PCDATR1181218111612161erm
r_2964,PCDATR1160216111802161erm
r_2965,PCDATR1161216111802161erm
r_2966,PCDATR1180216111802161erm
r_2967,PCDATR1181216111802161erm
r_2968,PCDATR1160218111802161erm
r_2969,PCDATR1161218111802161erm
r_2970,PCDATR1180218111802161erm
r_2971,PCDATR1181218111802161erm
r_2972,PCDATR1160216111812161erm
r_2973,PCDATR1161216111812161erm
r_2974,PCDATR1180216111812161erm
r_2975,PCDATR1181216111812161erm
r_2976,PCDATR1160218111812161erm
r_2977,PCDATR1161218111812161erm
r_2978,PCDATR1180218111812161erm
r_2979,PCDATR1181218111812161erm
r_2980,PCDATR1160216111602181erm
r_2981,PCDATR1161216111602181erm
r_2982,PCDATR1180216111602181erm
r_2983,PCDATR1181216111602181erm
r_2984,PCDATR1160218111602181erm
r_2985,PCDATR1161218111602181erm
r_2986,PCDATR1180218111602181erm
r_2987,PCDATR1181218111602181erm
r_2988,PCDATR1160216111612181erm
r_2989,PCDATR1161216111612181erm
r_2990,PCDATR1180216111612181erm
r_2991,PCDATR1181216111612181erm
r_2992,PCDATR1160218111612181erm
r_2993,PCDATR1161218111612181erm
r_2994,PCDATR1180218111612181erm
r_2995,PCDATR1181218111612181erm
r_2996,PCDATR1160216111802181erm
r_2997,PCDATR1161216111802181erm
r_2998,PCDATR1180216111802181erm
r_2999,PCDATR1181216111802181erm
r_3000,PCDATR1160218111802181erm
r_3001,PCDATR1161218111802181erm
r_3002,PCDATR1180218111802181erm
r_3003,PCDATR1181218111802181erm
r_3004,PCDATR1160216111812181erm
r_3005,PCDATR1161216111812181erm
r_3006,PCDATR1180216111812181erm
r_3007,PCDATR1181216111812181erm
r_3008,PCDATR1160218111812181erm
r_3009,PCDATR1161218111812181erm
r_3010,PCDATR1180218111812181erm
r_3011,PCDATR1181218111812181erm
r_3022,BCPLIP11602161erm
r_3023,PLA2PC_HDE_HDE_erm
r_3024,BCPLIP11802161erm
r_3025,BCPLIP11812161erm
r_3026,BCPLIP11602181erm
r_3027,BCPLIP11612181erm
r_3028,BCPLIP11802181erm
r_3029,BCPLIP11812181erm
r_3030,LPCH160_sn1_erm
r_3031,LPCH1619Z_sn1_erm
r_3032,LPCH180_sn1_erm
r_3033,LPCH1819Z_sn1_erm
r_3034,BCPLIP11602161ce
r_3035,PLA2PC_HDE_HDE_ce
r_3036,BCPLIP11802161ce
r_3037,BCPLIP11812161ce
r_3038,BCPLIP11602181ce
r_3039,BCPLIP11612181ce
r_3040,BCPLIP11802181ce
r_3041,BCPLIP11812181ce
r_3042,LPCH160_sn1_ce
r_3043,LPCH1619Z_sn1_ce
r_3044,LPCH180_sn1_ce
r_3045,LPCH1819Z_sn1_ce
r_3046,PEPPL11602161ce
r_3047,PLIPA2E161ce
r_3048,PEPPL11802161ce
r_3049,PEPPL11812161ce
r_3050,PEPPL11602181ce
r_3051,PEPPL11612181ce
r_3052,PEPPL11802181ce
r_3053,PEPPL11812181ce
r_3054,LPLIPAL1E160ce
r_3055,LPLIPAL1E161ce
r_3056,LPLIPAL1E180ce
r_3057,LPLIPAL1E181ce
r_3058,PSPPL11602161ce
r_3059,PSPPL11612161ce
r_3060,PSPPL11802161ce
r_3061,PSPPL11812161ce
r_3062,PSPPL11602181ce
r_3063,PSPPL11612181ce
r_3064,PSPPL11802181ce
r_3065,PSPPL11812181ce
r_3066,LPSPHOB160CEL
r_3067,LPSPHOB161CEL
r_3068,LPSPHOB180CEL
r_3069,LPSPHOB181CEL
r_3070,PIPPL11602161ce
r_3071,PIPPL11612161ce
r_3072,PIPPL11802161ce
r_3073,PIPPL11812161ce
r_3074,PIPPL11602181ce
r_3075,PIPPL11612181ce
r_3076,PIPPL11802181ce
r_3077,PIPPL11812181ce
r_3078,LPIPHOB160CEL
r_3079,LPIPHOB161CEL
r_3080,LPIPHOB180CEL
r_3081,LPIPHOB181CEL
r_3082,PIPPL4511602161c
r_3083,PIPPL4511612161c
r_3084,PIPPL4511802161c
r_3085,PIPPL4511812161c
r_3086,PIPPL4511602181c
r_3087,PIPPL4511612181c
r_3088,PIPPL4511802181c
r_3089,PIPPL4511812181c
r_3090,PIPPL4511602161n
r_3091,PIPPL4511612161n
r_3092,PIPPL4511802161n
r_3093,PIPPL4511812161n
r_3094,PIPPL4511602181n
r_3095,PIPPL4511612181n
r_3096,PIPPL4511802181n
r_3097,PIPPL4511812181n
r_3098,PPL11602161mm
r_3099,PPL11612161mm
r_3100,PPL11802161mm
r_3101,PPL11812161mm
r_3102,PPL11602181mm
r_3103,PPL11612181mm
r_3104,DCPLIP11602161ce
r_3105,PLDPC_HDE_HDE_ce
r_3106,DCPLIP11802161ce
r_3107,DCPLIP11812161ce
r_3108,DCPLIP11602181ce
r_3109,DCPLIP11612181ce
r_3110,DCPLIP11802181ce
r_3111,DCPLIP11812181ce
r_3112,PIPHT311602161ce
r_3113,PIP3P_HDE_HDE_ce
r_3114,PIPHT311802161ce
r_3115,PIPHT311812161ce
r_3116,PIPHT311602181ce
r_3117,PIPHT311612181ce
r_3118,PIPHT311802181ce
r_3119,PIPHT311812181ce
r_3120,PIPHT311602161c
r_3121,PIP3P_HDE_HDE_c
r_3122,PIPHT311802161c
r_3123,PIPHT311812161c
r_3124,PIPHT311602181c
r_3125,PIPHT311612181c
r_3126,PIPHT311802181c
r_3127,PIPHT311812181c
r_3128,PIPHT311602161erm
r_3129,PIP3P_HDE_HDE_erm
r_3130,PIPHT311802161erm
r_3131,PIPHT311812161erm
r_3132,PIPHT311602181erm
r_3133,PIPHT311612181erm
r_3134,PIPHT311802181erm
r_3135,PIPHT311812181erm
r_3136,PIPHT311602161gm
r_3137,PIP3P_HDE_HDE_gm
r_3138,PIPHT311802161gm
r_3139,PIPHT311812161gm
r_3140,PIPHT311602181gm
r_3141,PIPHT311612181gm
r_3142,PIPHT311802181gm
r_3143,PIPHT311812181gm
r_3144,PIPHT411602161ce
r_3145,PIPHT411612161ce
r_3146,PIPHT411802161ce
r_3147,PIPHT411812161ce
r_3148,PIPHT411602181ce
r_3149,PIPHT411612181ce
r_3150,PIPHT411802181ce
r_3151,PIPHT411812181ce
r_3152,PIPHT411602161c
r_3153,PIPHT411612161c
r_3154,PIPHT411802161c
r_3155,PIPHT411812161c
r_3156,PIPHT411602181c
r_3157,PIPHT411612181c
r_3158,PIPHT411802181c
r_3159,PIPHT411812181c
r_3160,PIPHT411602161erm
r_3161,PIPHT411612161erm
r_3162,PIPHT411802161erm
r_3163,PIPHT411812161erm
r_3164,PIPHT411602181erm
r_3165,PIPHT411612181erm
r_3166,PIPHT411802181erm
r_3167,PIPHT411812181erm
r_3168,PIPHT411602161gm
r_3169,PIPHT411612161gm
r_3170,PIPHT411802161gm
r_3171,PIPHT411812161gm
r_3172,PIPHT411602181gm
r_3173,PIPHT411612181gm
r_3174,PIPHT411802181gm
r_3175,PIPHT411812181gm
r_3176,PIPHT3511602161ce
r_3177,PIPHT3511612161ce
r_3178,PIPHT3511802161ce
r_3179,PIPHT3511812161ce
r_3180,PIPHT3511602181ce
r_3181,PIPHT3511612181ce
r_3182,PIPHT3511802181ce
r_3183,PIPHT3511812181ce
r_3184,PIPHT3511602161c
r_3185,PIPHT3511612161c
r_3186,PIPHT3511802161c
r_3187,PIPHT3511812161c
r_3188,PIPHT3511602181c
r_3189,PIPHT3511612181c
r_3190,PIPHT3511802181c
r_3191,PIPHT3511812181c
r_3192,PIPHT4511602161ce
r_3193,PIPHT4511612161ce
r_3194,PIPHT4511802161ce
r_3195,PIPHT4511812161ce
r_3196,PIPHT4511602181ce
r_3197,PIPHT4511612181ce
r_3198,PIPHT4511802181ce
r_3199,PIPHT4511812181ce
r_3200,PIPHT4511602161c
r_3201,PIPHT4511612161c
r_3202,PIPHT4511802161c
r_3203,PIPHT4511812161c
r_3204,PIPHT4511602181c
r_3205,PIPHT4511612181c
r_3206,PIPHT4511802181c
r_3207,PIPHT4511812181c
r_3208,PIPHT4511602161erm
r_3209,PIPHT4511612161erm
r_3210,PIPHT4511802161erm
r_3211,PIPHT4511812161erm
r_3212,PIPHT4511602181erm
r_3213,PIPHT4511612181erm
r_3214,PIPHT4511802181erm
r_3215,PIPHT4511812181erm
r_3216,PIPHT3511602161vm
r_3217,PIPHT3511612161vm
r_3218,PIPHT3511802161vm
r_3219,PIPHT3511812161vm
r_3220,PIPHT3511602181vm
r_3221,PIPHT3511612181vm
r_3222,PIPHT3511802181vm
r_3223,PIPHT3511812181vm
r_3224,DPHT11602161vm
r_3225,DPHT11612161vm
r_3226,DPHT11802161vm
r_3227,DPHT11812161vm
r_3228,DPHT11602181vm
r_3229,DPHT11612181vm
r_3230,DPHT11802181vm
r_3231,DPHT11812181vm
r_3232,DPHT11602161gm
r_3233,DPHT11612161gm
r_3234,DPHT11802161gm
r_3235,DPHT11812161gm
r_3236,DPHT11602181gm
r_3237,DPHT11612181gm
r_3238,DPHT11802181gm
r_3239,DPHT11812181gm
r_3240,LYSPHO160CYT
r_3241,LYSPHO161CYT
r_3242,LYSPHO180CYT
r_3243,LYSPHO181CYT
r_3244,LYSPHO160VAC
r_3245,LYSPHO161VAC
r_3246,LYSPHO180VAC
r_3247,LYSPHO181VAC
r_3248,LYSPHO160GOL
r_3249,LYSPHO161GOL
r_3250,LYSPHO180GOL
r_3251,LYSPHO181GOL
r_3252,ERGESTHYD161LIP
r_3253,ERGESTHYD181LIP
r_3254,EPIESTHYD161LIP
r_3255,EPIESTHYD181LIP
r_3256,FECESTHYD161LIP
r_3257,FECESTHYD181LIP
r_3258,LANESTHYD161LIP
r_3259,LANESTHYD181LIP
r_3260,ZYMESTHYD161LIP
r_3261,ZYMESTHYD181LIP
r_3262,ZYMESTHYD161CEL
r_3263,ZYMESTHYD181CEL
r_3264,TLIP116021613160lp
r_3265,TLIP116021613161lp
r_3266,TLIP116021613180lp
r_3267,TLIP116021613181lp
r_3268,TAGAH_HDE_HDE_PALM_lp
r_3269,TAGAH_HDE_HDE_HDE_lp
r_3270,TLIP116121613180lp
r_3271,TAGAH_HDE_HDE_OLE_lp
r_3272,TLIP118021613160lp
r_3273,TLIP118021613161lp
r_3274,TLIP118021613180lp
r_3275,TLIP118021613181lp
r_3276,TLIP118121613160lp
r_3277,TLIP118121613161lp
r_3278,TLIP118121613180lp
r_3279,TLIP118121613181lp
r_3280,TLIP116021813160lp
r_3281,TLIP116021813161lp
r_3282,TLIP116021813180lp
r_3283,TLIP116021813181lp
r_3284,TLIP116121813160lp
r_3285,TLIP116121813161lp
r_3286,TLIP116121813180lp
r_3287,TLIP116121813181lp
r_3288,TLIP118021813160lp
r_3289,TLIP118021813161lp
r_3290,TLIP118021813180lp
r_3291,TLIP118021813181lp
r_3292,TLIP118121813160lp
r_3293,TLIP118121813161lp
r_3294,TLIP118121813180lp
r_3295,TLIP118121813181lp
r_3296,DLIP11602161lp
r_3297,DLIP11612161lp
r_3298,DLIP11802161lp
r_3299,DLIP11812161lp
r_3300,DLIP11602181lp
r_3301,DLIP11612181lp
r_3302,DLIP11802181lp
r_3303,DLIP11812181lp
r_3304,DMLIP11602181
r_3305,DMLIP11612181
r_3306,DMLIP11802181
r_3307,DMLIP11812181
r_3308,MAGAH160lp
r_3309,MAGLIP1161LIP
r_3310,MAGAH180lp
r_3311,MAGLIP1181LIP
r_3312,LOCATR1160lp
r_3313,LOCATR1161lp
r_3314,LOCATR1180lp
r_3315,LOCATR1181lp
r_3316,PCPPL11602161lp
r_3317,PLA2PC_HDE_HDE_lp
r_3318,PCPPL11802161lp
r_3319,PCPPL11812161lp
r_3320,PCPPL11602181lp
r_3321,PCPPL11612181lp
r_3322,PCPPL11802181lp
r_3323,PCPPL11812181lp
r_3324,PEPPL11602161lp
r_3325,PLIPA2E161lp
r_3326,PEPPL11802161lp
r_3327,PEPPL11812161lp
r_3328,PEPPL11602181lp
r_3329,PEPPL11612181lp
r_3330,PEPPL11802181lp
r_3331,PEPPL11812181lp
r_4039,SUCOAACTm
r_4042,RAFHe
r_4045,URIH
r_0964,GTHRDtv
r_1028,TCHOLAtv
r_1085,ATPM_copy1
r_1086,ATPM_copy2
r_1096,MEV_Rt
r_1097,BTDt_RR
r_1098,2MBACt
r_1099,2OXOADPTm
r_1100,3DH5HPBtm
r_1101,ABUTt2r
r_1102,5AOPt2
r_1103,5FORHYDACITRA
r_1104,8AONNt2
r_1106,ACtr
r_1107,ACEESTTRA
r_1108,ADEt2
r_1109,ADNt2
r_1110,ATPtm
r_1111,ATPtp_H
r_1112,AKGCITtm
r_1113,ALLTTti
r_1114,ALLTNti
r_1115,NH4t
r_1116,ATP2tp_H
r_1118,ASPGLU2m
r_1119,BTNt2i
r_1120,CRNCARtm
r_1121,CERPRISPH2402t_
r_1122,CERPRISPH2602t_
r_1123,CER3PHYC240TRA
r_1124,CER3PHYC260TRA
r_1125,CHLt2
r_1126,CITtam
r_1127,CITtbm
r_1128,CITtcm
r_1129,COAtim
r_1130,CTPtm_copy
r_1131,CTPtm
r_1132,CYTDt2
r_1133,CSNt2
r_1134,FRUt2
r_1135,GALt2
r_1136,D_LACt2
r_1137,D_LACtm
r_1138,D_LACt2m
r_1139,MANt2
r_1146,EPISTt
r_1147,ERGSTt
r_1148,ERGSTtce
r_1149,ETHAt
r_1151,FADH2tm
r_1161,FECOSTt
r_1162,FECOSTtce
r_1164,r0963
r_1165,GDPMANNtg
r_1166,GLCt1
r_1167,GTHRDt2
r_1168,GTHRDt2v
r_1169,G3PIt
r_1170,G3PCt
r_1171,GLYCt2
r_1172,GLYCt
r_1173,GLYt2r
r_1174,GLCNtv
r_1175,GTPt2m
r_1176,GUAt2r
r_1177,INSTt2
r_1178,FE2t
r_1179,FE2utm
r_1180,IAMACt
r_1181,IBUTACt
r_1182,IPDPtm
r_1183,ALAt2r
r_1184,ARGt2r
r_1185,ARGt6
r_1186,ASNt2r
r_1187,ASNt6
r_1188,ASNt7
r_1189,ASPt7
r_1190,ASPt2r
r_1191,CRNt
r_1192,CYSt2r
r_1193,LCYSTintv
r_1194,GLUt7m
r_1195,GLUt7
r_1196,GLUt2r
r_1197,GLNt6
r_1198,GLNt7
r_1199,GLNt2r
r_1200,HISt6
r_1201,HISt2r
r_1202,ILEtv
r_1203,ILEt6
r_1204,ILEt7
r_1205,ILEt2r
r_1206,L_LACtcm
r_1207,L_LACt2r
r_1208,LEUtv
r_1209,LEUt6
r_1210,LEUt7
r_1211,LEUt2r
r_1212,LYSt6
r_1213,LYSt2r
r_1214,METt2r
r_1215,PHEt2r
r_1216,PROt2r
r_1217,SERt2r
r_1218,THRt2r
r_1219,TRPt2r
r_1220,TYRtv
r_1221,TYRt6
r_1222,TYRt7
r_1223,TYRt2r
r_1224,VALt2r
r_1225,LANOSTt
r_1226,MALtm
r_1227,MALTt2
r_1228,NNPRIDIFTRA
r_1229,NADtm
r_1230,NADTRA
r_1231,NADTRA2
r_1232,NADTRA3
r_1235,NACt
r_1236,FA180x
r_1237,ORNt3m
r_1238,ORNt2r
r_1239,OAAt2m
r_1241,PNTOt2
r_1242,PENDPtm
r_1243,PHEACt
r_1244,PIt2r
r_1245,PIt2m
r_1249,Kt2r
r_1250,PTRCtex2
r_1251,PTRCt3i
r_1252,PTRCtv
r_1253,PYRSYM
r_1254,PYRt2
r_1255,AMETt2
r_1256,AMETtm
r_1257,MMETt2
r_1258,NAt3_1
r_1259,SPMDtex2
r_1260,SPMDt3i
r_1261,SPMDt3v
r_1262,SPRMt2i
r_1263,SPRMt2v
r_1264,SUCCtm
r_1265,SUCFUMtm
r_1266,SO4ti
r_1267,SO3ti
r_1268,TAURt
r_1269,THMPPt2m
r_1270,THMt2
r_1271,UDPGALt2g
r_1272,URAt2
r_1273,UREA2t2
r_1274,URIt2
r_1275,UTPTRA
r_1276,UTPtm
r_1277,H2Ot
r_1278,ZYMSTtce
r_1657,ARGt2m
r_2034,PYRt2m
r_2079,TREt2
r_2132,AKGMALtm
r_2219,FATACYCOATRAABC120
r_2220,FATACYCOATRAABC140
r_2221,FA160COAabcp_1
r_2222,FATACYCOATRAABC161
r_2223,STCOATxc
r_2224,FATACYCOATRAABC181
r_2225,FATACYCOATRAABC200
r_2226,DOCOSCOAtxc
r_2227,LGNCCOAtcx_1
r_2228,FATACYCOATRAABC260
r_3348,AIPT1160216124
r_3349,AIPT1161216124
r_3350,AIPT1180216124
r_3351,AIPT1181216124
r_3352,AIPT1160218124
r_3353,AIPT1161218124
r_3354,AIPT1180218124
r_3355,AIPT1181218124
r_3356,AIPT1160216126
r_3357,AIPT1161216126
r_3358,AIPT1180216126
r_3359,AIPT1181216126
r_3360,AIPT1160218126
r_3361,AIPT1161218126
r_3362,AIPT1180218126
r_3363,AIPT1181218126
r_3364,PIPT1160216124
r_3365,PIPT1161216124
r_3366,PIPT1180216124
r_3367,PIPT1181216124
r_3368,PIPT1160218124
r_3369,PIPT1161218124
r_3370,PIPT1180218124
r_3371,PIPT1181218124
r_3372,PIPT1160216126
r_3373,PIPT1161216126
r_3374,PIPT1180216126
r_3375,PIPT1181216126
r_3376,PIPT1160218126
r_3377,PIPT1161218126
r_3378,PIPT1180218126
r_3379,PIPT1181218126
r_3380,BIPT1160216124
r_3381,BIPT1161216124
r_3382,BIPT1180216124
r_3383,BIPT1181216124
r_3384,BIPT1160218124
r_3385,BIPT1161218124
r_3386,BIPT1180218124
r_3387,BIPT1181218124
r_3388,BIPT1160216126
r_3389,BIPT1161216126
r_3390,BIPT1180216126
r_3391,BIPT1181216126
r_3392,BIPT1160218126
r_3393,BIPT1161218126
r_3394,BIPT1180218126
r_3395,BIPT1181218126
r_3396,CIPT1160216124
r_3397,CIPT1161216124
r_3398,CIPT1180216124
r_3399,CIPT1181216124
r_3400,CIPT1160218124
r_3401,CIPT1161218124
r_3402,CIPT1180218124
r_3403,CIPT1181218124
r_3404,CIPT1160216126
r_3405,CIPT1161216126
r_3406,CIPT1180216126
r_3407,CIPT1181216126
r_3408,CIPT1160218126
r_3409,CIPT1161218126
r_3410,CIPT1180218126
r_3411,CIPT1181218126
r_3412,DIPT1160216124
r_3413,DIPT1161216124
r_3414,DIPT1180216124
r_3415,DIPT1181216124
r_3416,DIPT1160218124
r_3417,DIPT1161218124
r_3418,DIPT1180218124
r_3419,DIPT1181218124
r_3420,DIPT1160216126
r_3421,DIPT1161216126
r_3422,DIPT1180216126
r_3423,DIPT1181216126
r_3424,DIPT1160218126
r_3425,DIPT1161218126
r_3426,DIPT1180218126
r_3427,DIPT1181218126
r_3428,ICSYN11602161124
r_3429,ICSYN11612161124
r_3430,ICSYN11802161124
r_3431,ICSYN11812161124
r_3432,ICSYN11602181124
r_3433,ICSYN11612181124
r_3434,ICSYN11802181124
r_3435,ICSYN11812181124
r_3436,ICSYN11602161126
r_3437,ICSYN11612161126
r_3438,ICSYN11802161126
r_3439,ICSYN11812161126
r_3440,ICSYN11602181126
r_3441,ICSYN11612181126
r_3442,ICSYN11802181126
r_3443,ICSYN11812181126
r_3444,ICPSYN11602161224
r_3445,ICPSYN11612161224
r_3446,ICPSYN11802161224
r_3447,ICPSYN11812161224
r_3448,ICPSYN11602181224
r_3449,ICPSYN11612181224
r_3450,ICPSYN11802181224
r_3451,ICPSYN11812181224
r_3452,ICPSYN11602161226
r_3453,ICPSYN11612161226
r_3454,ICPSYN11802161226
r_3455,ICPSYN11812161226
r_3456,ICPSYN11602181226
r_3457,ICPSYN11612181226
r_3458,ICPSYN11802181226
r_3459,ICPSYN11812181226
r_3460,ICSYN11602161224
r_3461,ICSYN11612161224
r_3462,ICSYN11802161224
r_3463,ICSYN11812161224
r_3464,ICSYN11602181224
r_3465,ICSYN11612181224
r_3466,ICSYN11802181224
r_3467,ICSYN11812181224
r_3468,ICSYN11602161226
r_3469,ICSYN11612161226
r_3470,ICSYN11802161226
r_3471,ICSYN11812161226
r_3472,ICSYN11602181226
r_3473,ICSYN11612181226
r_3474,ICSYN11802181226
r_3475,ICSYN11812181226
r_3476,ICSYN11602161324
r_3477,ICSYN11612161324
r_3478,ICSYN11802161324
r_3479,ICSYN11812161324
r_3480,ICSYN11602181324
r_3481,ICSYN11612181324
r_3482,ICSYN11802181324
r_3483,ICSYN11812181324
r_3484,ICSYN11602161326
r_3485,ICSYN11612161326
r_3486,ICSYN11802161326
r_3487,ICSYN11812161326
r_3488,ICSYN11602181326
r_3489,ICSYN11612181326
r_3490,ICSYN11802181326
r_3491,ICSYN11812181326
r_3492,ICSYN11602161424
r_3493,ICSYN11612161424
r_3494,ICSYN11802161424
r_3495,ICSYN11812161424
r_3496,ICSYN11602181424
r_3497,ICSYN11612181424
r_3498,ICSYN11802181424
r_3499,ICSYN11812181424
r_3500,ICSYN11602161426
r_3501,ICSYN11612161426
r_3502,ICSYN11802161426
r_3503,ICSYN11812161426
r_3504,ICSYN11602181426
r_3505,ICSYN11612181426
r_3506,ICSYN11802181426
r_3507,ICSYN11812181426
r_1449,BINCERPRISLIME24g
r_1450,BINCERPRISLIME26g
r_1451,CINCERSLIME24g
r_1452,CINCERSLIME26g
r_1453,AINCERSLIME24g
r_1454,AINCERSLIME26g
r_1455,BINCERSLIME24g
r_1456,BINCERSLIME26g
r_1457,DINCERSLIME24g
r_1458,DINCERSLIME26g
r_1479,INOPHOAPHSLIME24g
r_1480,INOPHOAPHSLIME26g
r_1481,INPHBPPRSLIME24g
r_1482,INPHBPPRSLIME26g
r_1483,INOPHOBPHSLIME24g
r_1484,INOPHOBPHSLIME26g
r_1485,INOPHOCPHSLIME24g
r_1486,INOPHOCPHSLIME26g
r_1487,INOPHODPHSLIME24g
r_1488,INOPHODPHSLIME26g
r_1509,MANPHOPRISLIME24g
r_1510,MANPHOPRISLIME26g
r_1511,MANPHOCCCSLIME24g
r_1512,MANPHOCCCSLIME26g
r_1513,MANPHOAACSLIME24g
r_1514,MANPHOAACSLIME26g
r_1515,MANPHOBBCSLIME24g
r_1516,MANPHOBBCSLIME26g
r_1517,MANPHODDCSLIME24g
r_1518,MANPHODDCSLIME26g
r_3963,PH1DMYINSLIME111602161c
r_3964,PH1DMYINSLIME111612161c
r_3965,PH1DMYINSLIME111802161c
r_3966,PH1DMYINSLIME111812161c
r_3967,PH1DMYINSLIME111602181c
r_3968,PH1DMYINSLIME111612181c
r_3969,PH1DMYINSLIME111802181c
r_3970,PH1DMYINSLIME111812181c
r_3971,ERGPALERMSLIRXN
r_3972,ERGOLEERMSLIRXN
r_3975,PALCYTSLIRXN1
r_3976,PALCYTSLIRXN2
r_3977,STECYTSLIRXN
r_3978,OLECYTSLIRXN
r_3979,PHSESLIME11602161erm
r_3980,PHSESLIME11612161erm
r_3981,PHSESLIME11802161erm
r_3982,PHSESLIME11812161erm
r_3983,PHSESLIME11602181erm
r_3984,PHSESLIME11612181erm
r_3985,PHSESLIME11802181erm
r_3986,PHSESLIME11812181erm
r_3988,PHCHSLIME11602161erm
r_3989,PHCHSLIME11612161erm
r_3990,PHCHSLIME11802161erm
r_3991,PHCHSLIME11812161erm
r_3992,PHCHSLIME11602181erm
r_3993,PHCHSLIME11612181erm
r_3994,PHCHSLIME11802181erm
r_3995,PHCHSLIME11812181erm
r_3997,PHETSLIME11602161erm
r_3998,PHETSLIME11612161erm
r_3999,PHETSLIME11802161erm
r_4000,PHETSLIME11812161erm
r_4001,PHETSLIME11602181erm
r_4002,PHETSLIME11612181erm
r_4003,PHETSLIME11802181erm
r_4004,PHETSLIME11812181erm
r_4006,TRSLIME116021613160erm
r_4007,TRSLIME116021813160erm
r_4008,TRSLIME116121613160erm
r_4009,TRSLIME116121813160erm
r_4010,TRSLIME118021613160erm
r_4011,TRSLIME118021813160erm
r_4012,TRSLIME118121613160erm
r_4013,TRSLIME118121813160erm
r_4014,TRSLIME116021613161erm
r_4015,TRSLIME116021813161erm
r_4016,TRSLIME116121613161erm
r_4017,TRSLIME116121813161erm
r_4018,TRSLIME118021613161erm
r_4019,TRSLIME118021813161erm
r_4020,TRSLIME118121613161erm
r_4021,TRSLIME118121813161erm
r_4022,TRSLIME116021613180erm
r_4023,TRSLIME116021813180erm
r_4024,TRSLIME116121613180erm
r_4025,TRSLIME116121813180erm
r_4026,TRSLIME118021613180erm
r_4027,TRSLIME118021813180erm
r_4028,TRSLIME118121613180erm
r_4029,TRSLIME118121813180erm
r_4030,TRSLIME116021613181erm
r_4031,TRSLIME116021813181erm
r_4032,TRSLIME116121613181erm
r_4033,TRSLIME116121813181erm
r_4034,TRSLIME118021613181erm
r_4035,TRSLIME118021813181erm
r_4036,TRSLIME118121613181erm
r_4037,TRSLIME118121813181erm
r_1542,EX_13BDglcn_e
r_1543,13BETDGLUTRA
r_1545,EX_crn_e
r_1546,EX_lac__D_e
r_1547,EX_mev__R_e
r_1548,EX_pnto__R_e
r_1549,EX_btd_RR_e
r_1550,EX_3mop_e
r_1551,EX_lac__L_e
r_1552,EX_mal__L_e
r_1553,EX_g3pi_e
r_1554,EX_pchol_cho_e
r_1560,MYIN13456PEDI
r_1562,MI1P_Dtr
r_1563,EX_dad_2_e
r_1564,EX_dgsn_e
r_1565,EX_din_e
r_1566,EX_duri_e
r_1567,2DDA7Ptm
r_1568,2DHPtm
r_1572,EX_3c3hmp_e
r_1573,3C3HMPt
r_1574,3C3HMPtm
r_1575,2MBTOHt
r_1576,2MBTOHtm
r_1577,EX_2mbald_e
r_1578,2MBALDt
r_1579,2MBALDtm
r_1580,EX_2mbtoh_e
r_1581,EX_2mbac_e
r_1582,2MPPALt
r_1583,2MPPALtm
r_1585,2OBUTtm
r_1586,EX_akg_e
r_1587,AKGtn
r_1588,AKGtc
r_1589,EX_2phetoh_e
r_1590,2PHETOHt
r_1591,2PHETOHtm
r_1595,3C4MOPtm
r_1596,3MOPtm
r_1597,3MOPt
r_1598,EX_3mbald_e
r_1599,3MBALDt
r_1600,3MBALDtm
r_1601,3OPHB_5tm
r_1603,AHMMPS
r_1604,EX_4abz_e
r_1605,4ABZt
r_1606,4ABZtm
r_1607,4ABUTNtm
r_1608,4ABUTtm
r_1609,4H2OGLTtm
r_1610,4H2OGLTtp
r_1611,4HBZtm
r_1613,NTD7
r_1614,NTD6
r_1615,NTD3
r_1616,NTD8
r_1617,NTD5
r_1618,NTD1
r_1620,NTD10
r_1621,EX_5aop_e
r_1622,5AOPtm
r_1623,FTHFCLm
r_1624,FTHFI
r_1625,EX_5fthf_e
r_1627,EX_dann_e
r_1628,78DIATRA
r_1629,EX_8aonn_e
r_1630,EX_xan_e
r_1631,EX_acald_e
r_1632,ACALDtm
r_1633,ACALDt
r_1634,EX_ac_e
r_1635,ACt_c_n
r_1637,ACCOAtn
r_1638,ACRNtp
r_1639,EX_ade_e
r_1640,ADEtm
r_1641,EX_pap_e
r_1642,PAPtm
r_1643,EX_adn_e
r_1644,ADPtn
r_1645,ADPtr
r_1647,AKGtp
r_1648,EX_alltt_e
r_1649,EX_alltn_e
r_1650,EX_tre_e
r_1651,EX_gam6p_e
r_1652,AKGMAL
r_1654,EX_nh4_e
r_1656,AMPtn
r_1658,ASNtm
r_1659,ASPGLUtp
r_1660,ATPtn
r_1661,ATPtr
r_1663,EX_hco3_e
r_1664,HCO3Em
r_1665,HCO3En
r_1667,HCO3E
r_1668,HCO3Ee
r_1669,HCO3tn
r_1671,EX_btn_e
r_1672,EX_co2_e
r_1673,CRNtp
r_1674,CRNCARtp
r_1675,CDPtn
r_1676,CER1_24t_g_r
r_1677,CER2_24t_g_r
r_1678,CERTRA
r_1679,CER1_26t_g_r
r_1680,CER2_26t_g_r
r_1681,CERTRA2
r_1682,CHLSTI
r_1683,EX_chol_e
r_1684,CHLtce
r_1685,CHRPL
r_1686,CITtc
r_1687,EX_cit_e
r_1688,CITtcp
r_1689,CITtap
r_1690,CMPN
r_1691,CO2ter
r_1694,CO2tn
r_1695,CO2tp
r_1696,CO2tm
r_1697,CO2t
r_1698,COAtr
r_1699,COAtn
r_1700,COAtp
r_1702,EX_cytd_e
r_1703,CYTK1
r_1704,CYTK2
r_1705,EX_csn_e
r_1706,EX_arab__D_e
r_1707,ARAB_Dt
r_1708,E4Ptm
r_1709,EX_fru_e
r_1710,EX_gal_e
r_1711,EX_galur_e
r_1712,EX_sbt__D_e
r_1713,GAM6Pt
r_1714,EX_glc__D_e
r_1715,EX_man_e
r_1716,EX_rib__D_e
r_1717,SBT_Dt
r_1718,EX_xyl__D_e
r_1719,XYLt
r_1720,DADPtn
r_1721,DCDPtn
r_1722,ATPHs
r_1723,DATPHs
r_1724,ADPDEA
r_1725,DADDEA
r_1726,DNADtn
r_1727,EX_dca_e
r_1728,DADNt4
r_1729,DADK
r_1730,EX_dcyt_e
r_1731,DCYTt
r_1732,DGSNt
r_1733,DINt
r_1734,DURIK1
r_1735,DURIt
r_1736,DPCOAK
r_1737,DGDPtn
r_1738,DHNPTtm
r_1739,DIAT
r_1743,DHFtm
r_1744,DNTPPA
r_1745,DHPTtm
r_1746,DHAPtm
r_1747,PPItx
r_1748,DOLP_ter
r_1749,EX_dttp_e
r_1750,DTTPt
r_1751,DUDPtn
r_1752,DUMPtn
r_1753,EX_epist_e
r_1754,ERGTETROLter
r_1757,EX_ergst_e
r_1758,ERGSTter
r_1759,ERGSTtlp
r_1760,ERGSTtce_copy
r_1761,EX_etoh_e
r_1762,ETOHt
r_1763,ETOHtm
r_1764,EX_etha_e
r_1765,ETHACEEXC
r_1766,FRDPtm
r_1770,FA100tp
r_1771,FA120tp
r_1772,FA140tp
r_1774,FA160tp
r_1775,FA161tp
r_1776,FA80tp
r_1777,TTDCAtr
r_1788,EX_fecost_e
r_1790,FMNATm
r_1791,EX_fmn_e
r_1792,EX_fol_e
r_1793,EX_for_e
r_1794,FORtm
r_1795,FORt
r_1796,FUMtr
r_1797,FRUK
r_1798,EX_fum_e
r_1800,EX_4abut_e
r_1801,GDPtg
r_1802,GDPtn
r_1803,GDPALPDMANTRA
r_1805,GLCtv
r_1806,EX_gthox_e
r_1807,EX_gthrd_e
r_1808,EX_glyc_e
r_1809,GLYC3Ptm
r_1810,EX_gly_e
r_1811,GLYtm
r_1812,GCALDtm
r_1813,GCALDt
r_1814,EX_gcald_e
r_1815,EX_glx_e
r_1816,GLXt
r_1817,GLXtp
r_1818,EX_gua_e
r_1819,GUAtm
r_1820,EX_gsn_e
r_1821,GSNK
r_1822,GSNtm
r_1823,GSNt
r_1824,Ht
r_1825,Htr
r_1826,Htg
r_1827,Htlp
r_1829,HMR_1095
r_1830,Htx
r_1831,Htv
r_1832,EX_h_e
r_1833,HEXCCOAt_c_r
r_1834,HEXADEEXC
r_1835,HDCAt
r_1836,HDCEAt
r_1837,HIStm
r_1839,H2O2tn
r_1840,HMGCOAtm
r_1841,EX_hxan_e
r_1842,HYXNt
r_1843,EX_id3acald_e
r_1844,ID3ACALDtm
r_1845,ID3ACALDt
r_1846,IND3ACtm
r_1847,EX_ins_e
r_1848,INSt
r_1849,MINOHPtn
r_1850,INSK
r_1851,IPCTRA
r_1852,IPCTRA2
r_1853,IPCTRA3
r_1854,IPCTRA4
r_1855,IPCTRA5
r_1856,IPCTRA6
r_1857,IPCTRA7
r_1858,IPCTRA8
r_1859,IPCTRA9
r_1860,IPCTRA10
r_1861,EX_fe2_e
r_1862,EX_iamac_e
r_1863,IAMOHt
r_1864,IAMOHtm
r_1865,EX_iamoh_e
r_1866,EX_ibutoh_e
r_1867,EX_ibutac_e
r_1868,IBUTOHt
r_1869,IBUTOHtm
r_1870,EX_2mppal_e
r_1871,PHCHGSm
r_1872,AOBUTDs
r_1873,EX_ala__L_e
r_1874,ALAtmi
r_1875,EX_abt_e
r_1876,ABTt
r_1877,ARAB_Lt
r_1878,EX_arab__L_e
r_1879,EX_arg__L_e
r_1880,EX_asn__L_e
r_1881,EX_asp__L_e
r_1882,CRNtim
r_1883,EX_cys__L_e
r_1884,E4HGLUtm
r_1885,E4HGLUtp
r_1886,EX_sbt__L_e
r_1887,G5SADs
r_1889,EX_glu__L_e
r_1890,GLUtn
r_1891,EX_gln__L_e
r_1892,GLNtn
r_1893,EX_his__L_e
r_1895,r2535
r_1896,EX_hom__L_e
r_1897,EX_ile__L_e
r_1898,ILEtmi
r_1899,EX_leu__L_e
r_1900,EX_lys__L_e
r_1901,MALt
r_1902,EX_met__L_e
r_1903,EX_phe__L_e
r_1904,EX_pro__L_e
r_1905,PROtm
r_1906,EX_ser__L_e
r_1907,SERtr
r_1908,SBT_Lt
r_1909,EX_srb__L_e
r_1910,SRB_Lt
r_1911,EX_thr__L_e
r_1912,EX_trp__L_e
r_1913,EX_tyr__L_e
r_1914,EX_val__L_e
r_1915,EX_lanost_e
r_1916,EX_ddca_e
r_1919,LYStm
r_1920,MIP2CTRA
r_1921,MIP2CTRA2
r_1922,MIP2CTRA3
r_1923,MIP2CTRA4
r_1924,MIP2CTRA5
r_1925,MIP2CTRA6
r_1926,MIP2CTRA7
r_1927,MIP2CTRA8
r_1928,MIP2CTRA9
r_1929,MIP2CTRA10
r_1930,MALOAAtp
r_1931,EX_malt_e
r_1932,MANNANter
r_1935,METtm
r_1936,MGSA
r_1937,MIPTRA
r_1938,MIPTRA2
r_1939,MIPTRA3
r_1940,MIPTRA4
r_1941,MIPTRA5
r_1942,MIPTRA6
r_1943,MIPTRA7
r_1944,MIPTRA8
r_1945,MIPTRA9
r_1946,MIPTRA10
r_1947,EX_inost_e
r_1952,NNPRIDIFEXC
r_1963,NADPtru
r_1964,NADPHtru
r_1965,NH4tm
r_1966,NCAMDn
r_1967,EX_nac_e
r_1968,EX_nmn_e
r_1970,NMNtn
r_1971,NMNPx
r_1972,NMNP
r_1974,NDP4
r_1975,NTP4
r_1976,ACRNtm
r_1977,O2ter
r_1978,O2tm
r_1979,O2t
r_1980,O2tp
r_1981,OCDCAt
r_1984,EX_octa_e
r_1987,EX_orn_e
r_1988,OAAt
r_1989,EX_oaa_e
r_1990,GTHOXti
r_1991,TRDOXtp
r_1992,EX_o2_e
r_1993,EX_hdca_e
r_1994,EX_hdcea_e
r_1995,PMTCOAFABP1tc
r_1996,PAN4Ptm
r_1997,PTPATim
r_1998,PAPt
r_1999,EX_pectin_e
r_2000,EX_pheac_e
r_2001,EX_pacald_e
r_2002,PACALDt
r_2003,PACALDtm
r_2004,PHEtm
r_2005,EX_pi_e
r_2008,PIcv
r_2020,EX_k_e
r_2022,PPPG9tm
r_2023,PRPPtm
r_2024,EX_ptrc_e
r_2025,PYDXK
r_2026,PYDAMK
r_2027,HYPOE
r_2028,EX_pydxn_e
r_2030,PMDPHT
r_2031,PYNP2r
r_2032,PPItm
r_2033,EX_pyr_e
r_2036,QULNtm
r_2037,TRDRDtp
r_2038,EX_ribflv_e
r_2039,RIBFLVtm
r_2040,r1106
r_2041,RIBt
r_2042,AHCYStm
r_2043,EX_amet_e
r_2044,EX_mmet_e
r_2045,r1435
r_2046,EX_g3pc_e
r_2049,EX_na1_e
r_2050,SPMDAT1
r_2051,EX_spmd_e
r_2052,EX_sprm_e
r_2053,SQLter
r_2054,SQ23EPXter
r_2055,EX_ocdca_e
r_2056,EX_succ_e
r_2057,SUCCt
r_2058,EX_sucr_e
r_2060,EX_so4_e
r_2061,EX_so3_e
r_2062,EX_taur_e
r_2063,TTCCOAt_c_t
r_2064,THMP
r_2065,TMN
r_2066,EX_thmpp_e
r_2067,EX_thm_e
r_2068,EX_thmmp_e
r_2069,TMPK
r_2070,THZPSN2_SC
r_2071,THZPSN1_SC
r_2072,thr_mt
r_2073,EX_thymd_e
r_2074,TMDK1
r_2075,THYMDt1
r_2080,TREtcv
r_2082,TRPtcm
r_2083,EX_ind3eth_e
r_2084,IND3ETHt
r_2085,IND3ETHtm
r_2086,r1078
r_2087,TYRtcx
r_2089,UMPtn
r_2090,EX_ura_e
r_2091,EX_urea_e
r_2092,EX_uri_e
r_2093,VALt5m
r_2094,H2Oter
r_2095,H2Otg
r_2096,H2Otm
r_2097,H2Otn
r_2098,H2Otp
r_2099,H2Otv
r_2100,EX_h2o_e
r_2101,XANt
r_2102,EX_xtsn_e
r_2103,XTSNtr
r_2104,EX_xylt_e
r_2105,XYLTt
r_2106,EX_zymst_e
r_2107,ZYMSTtce_copy
r_2108,LIPPSEMER
r_2111,GRO
r_2125,COAt_c_lp
r_2129,Htm
r_2134,14DEMEXC
r_2136,14DEMTRA
r_2137,ER57222428TE3BEX
r_2139,ERGTETROLtec
r_2184,OCTAt
r_2185,DCATDc
r_2186,r2444
r_2187,EX_but_e
r_2188,EX_hxa_e
r_2189,EX_ocdcea_e
r_2190,BUTt
r_2191,HXAt3
r_2192,OCDCEAt
r_2193,EX_ttdca_e
r_2229,BUTt_c_x
r_2230,HXAt2
r_2231,FA18111Zx
r_2812,LATR11602161mm
r_2813,LATR11602181mm
r_2814,LPCAT_HDE_HDE_sn2_mm
r_2815,LATR11612181mm
r_2816,LATR11802161mm
r_2817,LATR11802181mm
r_2818,LATR11812161mm
r_2819,LATR11812181mm
r_3332,KIN11602161gm
r_3333,KIN11612161gm
r_3334,KIN11802161gm
r_3335,KIN11812161gm
r_3336,KIN11602181gm
r_3337,KIN11612181gm
r_3338,KIN11802181gm
r_3339,KIN11812181gm
r_3340,KIN11602161vm
r_3341,KIN11612161vm
r_3342,KIN11802161vm
r_3343,KIN11812161vm
r_3344,KIN11602181vm
r_3345,KIN11612181vm
r_3346,KIN11802181vm
r_3347,KIN11812181vm
r_3508,DDCAt_c_erm
r_3509,TTDCAt_c_erm
r_3510,FA160erm
r_3511,HDCEAt_c_erm
r_3512,FA180erm
r_3513,FA18111Zerm
r_3514,MALCOATRACYTERM
r_3515,LAUCOATRACYTERM
r_3516,MYRCOATRACYTERM
r_3517,PMTCOAFABP1term
r_3518,r1468_c_erm
r_3519,STCOAterm
r_3520,OLECOATRACYTERM
r_3521,ARACHCOAt_c_erm
r_3522,DOCOSACOATRACYTERM
r_3523,TTCCOAt_c_erm
r_3524,HEXCCOAt_c_erm
r_3525,Hterm
r_3526,H2Oterm
r_3527,CO2term
r_3528,COAterm
r_3529,NADPHterm
r_3530,NADPterm
r_3531,O2term
r_3532,NADHterm
r_3533,NADterm
r_3534,GLY3Pterm
r_3535,DHAPterm
r_3536,PPIterm
r_3537,PIcerm
r_3538,CTPterm
r_3539,CDPterm
r_3540,CMPterm
r_3541,CDPETHTRACYTERM
r_3542,r1159erm
r_3543,ATPterm
r_3544,AMPterm
r_3545,SERterm
r_3546,INSTterm
r_3547,AMETerm
r_3548,AHCYSterm
r_3549,EPISTterm
r_3550,FECOSTterm
r_3551,LANOSTterm
r_3552,ERGSTtcerm
r_3553,ZYMSTterm
r_3554,DI11602161t_erm_c
r_3555,12DGR161t_c_erm
r_3556,DI11802161t_erm_c
r_3557,DI11812161t_erm_c
r_3558,DI11602181t_erm_c
r_3559,DI11612181t_erm_c
r_3560,DI11802181t_erm_c
r_3561,12DGR181t_c_erm
r_3562,PHMYIN111602161t_erm_c
r_3563,PHMYIN111612161t_erm_c
r_3564,PHMYIN111802161t_erm_c
r_3565,PHMYIN111812161t_erm_c
r_3566,PHMYIN111602181t_erm_c
r_3567,PHMYIN111612181t_erm_c
r_3568,PHMYIN111802181t_erm_c
r_3569,PHMYIN111812181t_erm_c
r_3570,G3PCterm
r_3571,FA160lp
r_3572,HDCEAt_c_lp
r_3573,FA180lp
r_3574,FA18111Zlp
r_3575,LAUCOATRACYTLIP
r_3576,MYRCOATRACYTLIP
r_3577,PMTCOAFABP1tlp
r_3578,r1468_c_lp
r_3579,STCOAtlp
r_3580,OLECOATRACYTLIP
r_3581,GLY3Ptlp
r_3582,DHAPtlp
r_3583,NADPHtlp
r_3584,NADPtlp
r_3585,ATPtlp
r_3586,AMPtlp
r_3587,PPItlp
r_3588,DI11602161t_lp_c
r_3589,12DGR161t_c_lp
r_3590,DI11802161t_lp_c
r_3591,DI11812161t_lp_c
r_3592,DI11602181t_lp_c
r_3593,DI11612181t_lp_c
r_3594,DI11802181t_lp_c
r_3595,12DGR181t_c_lp
r_3596,H2Otlp
r_3597,GLYCtlp
r_3598,DOCOSACOATRALIPCYT
r_3599,TTCCOAt_lp_c
r_3600,HEXCCOAt_lp_c
r_3601,ATPtce
r_3602,ADPtce
r_3603,Htce
r_3604,H2Otce
r_3605,PIce
r_3606,G3PCtce
r_3607,G3PItce
r_3608,FA160ce
r_3609,HDCEAt_ce_c
r_3610,FA180ce
r_3611,FA18111Zce
r_3612,ARACHCOAt_ce_c
r_3613,DOCOSACOATRACELCYT
r_3614,TTCCOAt_ce_c
r_3615,HEXCCOAt_ce_c
r_3616,PMIB14511602161t_ce_c
r_3617,PMIB14511612161t_ce_c
r_3618,PMIB14511802161t_ce_c
r_3619,PMIB14511812161t_ce_c
r_3620,PMIB14511602181t_ce_c
r_3621,PMIB14511612181t_ce_c
r_3622,PMIB14511802181t_ce_c
r_3623,PMIB14511812181t_ce_c
r_3624,PMIP1411602161t_ce_c
r_3625,PMIP1411612161t_ce_c
r_3626,PMIP1411802161t_ce_c
r_3627,PMIP1411812161t_ce_c
r_3628,PMIP1411602181t_ce_c
r_3629,PMIP1411612181t_ce_c
r_3630,PMIP1411802181t_ce_c
r_3631,PMIP1411812181t_ce_c
r_3632,PMIB14511602161t_c_n
r_3633,PMIB14511612161t_c_n
r_3634,PMIB14511802161t_c_n
r_3635,PMIB14511812161t_c_n
r_3636,PMIB14511602181t_c_n
r_3637,PMIB14511612181t_c_n
r_3638,PMIB14511802181t_c_n
r_3639,PMIB14511812181t_c_n
r_3640,DI11602161t_c_n
r_3641,12DGR161t_n_c
r_3642,DI11802161t_c_n
r_3643,DI11812161t_c_n
r_3644,DI11602181t_c_n
r_3645,DI11612181t_c_n
r_3646,DI11802181t_c_n
r_3647,12DGR181t_n_c
r_3648,H2Otvm
r_3649,PIvm
r_3650,Htvm
r_3651,ATPtvm
r_3652,ADPtvm
r_3653,CO2tvm
r_3654,PMIB13511602161t_vm_c
r_3655,PMIB13511612161t_vm_c
r_3656,PMIB13511802161t_vm_c
r_3657,PMIB13511812161t_vm_c
r_3658,PMIB13511602181t_vm_c
r_3659,PMIB13511612181t_vm_c
r_3660,PMIB13511802181t_vm_c
r_3661,PMIB13511812181t_vm_c
r_3662,H2Otgm
r_3663,PIgm
r_3664,Htgm
r_3665,CO2tgm
r_3666,ATPtgm
r_3667,ADPtgm
r_3668,H2Otmm
r_3669,CO2tmm
r_3670,r1468_c_mm
r_3671,OLECOATRACYTMIT
r_3672,DI11602161t_mm_c
r_3673,12DGR161t_mm_c
r_3674,DI11802161t_mm_c
r_3675,DI11812161t_mm_c
r_3676,DI11602181t_mm_c
r_3677,DI11612181t_mm_c
r_3678,FA160mm
r_3679,FA180mm
r_3680,COAtmm
r_3681,DDCAt_erm_lp
r_3682,TTDCAt_erm_lp
r_3683,LGNCt_erm_lp
r_3684,HEXCt_erm_lp
r_3685,TA116021613160t_erm_lp
r_3686,TA116021613161t_erm_lp
r_3687,TA116021613180t_erm_lp
r_3688,TA116021613181t_erm_lp
r_3689,TAG_HDE_HDE_PALMt_erm_lp
r_3690,TA116121613161t_erm_lp
r_3691,TA116121613180t_erm_lp
r_3692,TAG_HDE_HDE_OLEt_erm_lp
r_3693,TA118021613160t_erm_lp
r_3694,TA118021613161t_erm_lp
r_3695,TA118021613180t_erm_lp
r_3696,TA118021613181t_erm_lp
r_3697,TA118121613160t_erm_lp
r_3698,TAG_OLE_HDE_HDEt_erm_lp
r_3699,TA118121613180t_erm_lp
r_3700,TAG_OLE_HDE_OLEt_erm_lp
r_3701,TA116021813160t_erm_lp
r_3702,TA116021813161t_erm_lp
r_3703,TA116021813180t_erm_lp
r_3704,TA116021813181t_erm_lp
r_3705,TA116121813160t_erm_lp
r_3706,TA116121813161t_erm_lp
r_3707,TA116121813180t_erm_lp
r_3708,TA116121813181t_erm_lp
r_3709,TA118021813160t_erm_lp
r_3710,TA118021813161t_erm_lp
r_3711,TA118021813180t_erm_lp
r_3712,TA118021813181t_erm_lp
r_3713,TA118121813160t_erm_lp
r_3714,TA118121813161t_erm_lp
r_3715,TA118121813180t_erm_lp
r_3716,TA118121813181t_erm_lp
r_3717,EPISTtlp
r_3718,FECOSTtlp
r_3719,LANOSTtlp
r_3720,ZYMSTtlp
r_3721,ERGPALTRAERMLIP
r_3722,ERGOLETRAERMLIP
r_3723,EPIPALTRAERMLIP
r_3724,EPIOLETRAERMLIP
r_3725,FECPALTRAERMLIP
r_3726,FECOLETRAERMLIP
r_3727,LANPALTRAERMLIP
r_3728,LANOLETRAERMLIP
r_3729,ZYMPALTRAERMLIP
r_3730,ZYMOLETRAERMLIP
r_3731,PHCH11602161t_erm_lp
r_3732,PHCH11612161t_erm_lp
r_3733,PHCH11802161t_erm_lp
r_3734,PHCH11812161t_erm_lp
r_3735,PHCH11602181t_erm_lp
r_3736,PHCH11612181t_erm_lp
r_3737,PHCH11802181t_erm_lp
r_3738,PHCH11812181t_erm_lp
r_3739,PHET11602161t_erm_lp
r_3740,PHET11612161t_erm_lp
r_3741,PHET11802161t_erm_lp
r_3742,PHET11812161t_erm_lp
r_3743,PHET11602181t_erm_lp
r_3744,PHET11612181t_erm_lp
r_3745,PHET11802181t_erm_lp
r_3746,PHET11812181t_erm_lp
r_3747,ACGLPHCH1160t_erm_lp
r_3748,ACGLPHCH1161t_erm_lp
r_3749,ACGLPHCH1180t_erm_lp
r_3750,ACGLPHCH1181t_erm_lp
r_3751,ACGLPHET1160t_erm_lp
r_3752,ACGLPHET1161t_erm_lp
r_3753,ACGLPHET1180t_erm_lp
r_3754,ACGLPHET1181t_erm_lp
r_3755,PH11602181t_erm_lp
r_3756,PH11612181t_erm_lp
r_3757,PH11802181t_erm_lp
r_3758,PH11812181t_erm_lp
r_3759,PH11602161t_erm_mm
r_3760,PH11612161t_erm_mm
r_3761,PH11802161t_erm_mm
r_3762,PH11812161t_erm_mm
r_3763,PH11602181t_erm_mm
r_3764,PH11612181t_erm_mm
r_3765,PHSE11602161t_erm_mm
r_3766,PHSE11612161t_erm_mm
r_3767,PHSE11802161t_erm_mm
r_3768,PHSE11812161t_erm_mm
r_3769,PHSE11602181t_erm_mm
r_3770,PHSE11612181t_erm_mm
r_3771,PHSE11802181t_erm_mm
r_3772,PHSE11812181t_erm_mm
r_3773,PHET11602161t_erm_mm
r_3774,PHET11612161t_erm_mm
r_3775,PHET11802161t_erm_mm
r_3776,PHET11812161t_erm_mm
r_3777,PHET11602181t_erm_mm
r_3778,PHET11612181t_erm_mm
r_3779,PHET11802181t_erm_mm
r_3780,PHET11812181t_erm_mm
r_3781,PHCH11602161t_erm_mm
r_3782,PHCH11612161t_erm_mm
r_3783,PHCH11802161t_erm_mm
r_3784,PHCH11812161t_erm_mm
r_3785,PHCH11602181t_erm_mm
r_3786,PHCH11612181t_erm_mm
r_3787,PHCH11802181t_erm_mm
r_3788,PHCH11812181t_erm_mm
r_3789,DI11602161t_erm_gm
r_3790,12DGR161t_erm_gm
r_3791,DI11802161t_erm_gm
r_3792,DI11812161t_erm_gm
r_3793,DI11602181t_erm_gm
r_3794,DI11612181t_erm_gm
r_3795,DI11802181t_erm_gm
r_3796,12DGR181t_erm_gm
r_3797,PH11602161t_erm_gm
r_3798,PH11612161t_erm_gm
r_3799,PH11802161t_erm_gm
r_3800,PH11812161t_erm_gm
r_3801,PH11602181t_erm_gm
r_3802,PH11612181t_erm_gm
r_3803,PH11802181t_erm_gm
r_3804,PH11812181t_erm_gm
r_3805,PHMYIN111602161t_erm_gm
r_3806,PHMYIN111612161t_erm_gm
r_3807,PHMYIN111802161t_erm_gm
r_3808,PHMYIN111812161t_erm_gm
r_3809,PHMYIN111602181t_erm_gm
r_3810,PHMYIN111612181t_erm_gm
r_3811,PHMYIN111802181t_erm_gm
r_3812,PHMYIN111812181t_erm_gm
r_3813,PHSE11602161t_erm_gm
r_3814,PHSE11612161t_erm_gm
r_3815,PHSE11802161t_erm_gm
r_3816,PHSE11812161t_erm_gm
r_3817,PHSE11602181t_erm_gm
r_3818,PHSE11612181t_erm_gm
r_3819,PHSE11802181t_erm_gm
r_3820,PHSE11812181t_erm_gm
r_3821,PHET11602161t_erm_gm
r_3822,PHET11612161t_erm_gm
r_3823,PHET11802161t_erm_gm
r_3824,PHET11812161t_erm_gm
r_3825,PHET11602181t_erm_gm
r_3826,PHET11612181t_erm_gm
r_3827,PHET11802181t_erm_gm
r_3828,PHET11812181t_erm_gm
r_3829,PH11602161t_erm_vm
r_3830,PH11612161t_erm_vm
r_3831,PH11802161t_erm_vm
r_3832,PH11812161t_erm_vm
r_3833,PH11602181t_erm_vm
r_3834,PH11612181t_erm_vm
r_3835,PH11802181t_erm_vm
r_3836,PH11812181t_erm_vm
r_3837,PHMYIN111602161t_erm_vm
r_3838,PHMYIN111612161t_erm_vm
r_3839,PHMYIN111802161t_erm_vm
r_3840,PHMYIN111812161t_erm_vm
r_3841,PHMYIN111602181t_erm_vm
r_3842,PHMYIN111612181t_erm_vm
r_3843,PHMYIN111802181t_erm_vm
r_3844,PHMYIN111812181t_erm_vm
r_3845,PHSE11602161t_erm_vm
r_3846,PHSE11612161t_erm_vm
r_3847,PHSE11802161t_erm_vm
r_3848,PHSE11812161t_erm_vm
r_3849,PHSE11602181t_erm_vm
r_3850,PHSE11612181t_erm_vm
r_3851,PHSE11802181t_erm_vm
r_3852,PHSE11812181t_erm_vm
r_3853,PHET11602161t_erm_vm
r_3854,PHET11612161t_erm_vm
r_3855,PHET11802161t_erm_vm
r_3856,PHET11812161t_erm_vm
r_3857,PHET11602181t_erm_vm
r_3858,PHET11612181t_erm_vm
r_3859,PHET11802181t_erm_vm
r_3860,PHET11812181t_erm_vm
r_3861,PMIP1311602161t_erm_vm
r_3862,PMIP1311612161t_erm_vm
r_3863,PMIP1311802161t_erm_vm
r_3864,PMIP1311812161t_erm_vm
r_3865,PMIP1311602181t_erm_vm
r_3866,PMIP1311612181t_erm_vm
r_3867,PMIP1311802181t_erm_vm
r_3868,PMIP1311812181t_erm_vm
r_3869,PHMYIN111602161t_erm_ce
r_3870,PHMYIN111612161t_erm_ce
r_3871,PHMYIN111802161t_erm_ce
r_3872,PHMYIN111812161t_erm_ce
r_3873,PHMYIN111602181t_erm_ce
r_3874,PHMYIN111612181t_erm_ce
r_3875,PHMYIN111802181t_erm_ce
r_3876,PHMYIN111812181t_erm_ce
r_3877,PHCH11602161t_erm_ce
r_3878,PHCH11612161t_erm_ce
r_3879,PHCH11802161t_erm_ce
r_3880,PHCH11812161t_erm_ce
r_3881,PHCH11602181t_erm_ce
r_3882,PHCH11612181t_erm_ce
r_3883,PHCH11802181t_erm_ce
r_3884,PHCH11812181t_erm_ce
r_3885,PHET11602161t_erm_ce
r_3886,PHET11612161t_erm_ce
r_3887,PHET11802161t_erm_ce
r_3888,PHET11812161t_erm_ce
r_3889,PHET11602181t_erm_ce
r_3890,PHET11612181t_erm_ce
r_3891,PHET11802181t_erm_ce
r_3892,PHET11812181t_erm_ce
r_3893,PHSE11602161t_erm_ce
r_3894,PHSE11612161t_erm_ce
r_3895,PHSE11802161t_erm_ce
r_3896,PHSE11812161t_erm_ce
r_3897,PHSE11602181t_erm_ce
r_3898,PHSE11612181t_erm_ce
r_3899,PHSE11802181t_erm_ce
r_3900,PHSE11812181t_erm_ce
r_3901,LGNCt_ce_erm
r_3902,HEXCt_ce_erm
r_3903,PH11602161t_erm_ce
r_3904,PH11612161t_erm_ce
r_3905,PH11802161t_erm_ce
r_3906,PH11812161t_erm_ce
r_3907,PH11602181t_erm_ce
r_3908,PH11612181t_erm_ce
r_3909,PH11802181t_erm_ce
r_3910,PH11812181t_erm_ce
r_3911,PMIP1411602161t_erm_ce
r_3912,PMIP1411612161t_erm_ce
r_3913,PMIP1411802161t_erm_ce
r_3914,PMIP1411812161t_erm_ce
r_3915,PMIP1411602181t_erm_ce
r_3916,PMIP1411612181t_erm_ce
r_3917,PMIP1411802181t_erm_ce
r_3918,PMIP1411812181t_erm_ce
r_3919,PMIB14511602161t_erm_ce
r_3920,PMIB14511612161t_erm_ce
r_3921,PMIB14511802161t_erm_ce
r_3922,PMIB14511812161t_erm_ce
r_3923,PMIB14511602181t_erm_ce
r_3924,PMIB14511612181t_erm_ce
r_3925,PMIB14511802181t_erm_ce
r_3926,PMIB14511812181t_erm_ce
r_3927,ZYMPALTRAERMCEL
r_3928,ZYMOLETRAERMCEL
r_3929,PHMYIN111602161t_erm_n
r_3930,PHMYIN111612161t_erm_n
r_3931,PHMYIN111802161t_erm_n
r_3932,PHMYIN111812161t_erm_n
r_3933,PHMYIN111602181t_erm_n
r_3934,PHMYIN111612181t_erm_n
r_3935,PHMYIN111802181t_erm_n
r_3936,PHMYIN111812181t_erm_n
r_3937,LGNCt_erm_r
r_3938,HEXCt_erm_r
r_3939,ERGSTtrerm
r_3940,PIrerm
r_3941,PMIP1311602161t_gm_vm
r_3942,PMIP1311612161t_gm_vm
r_3943,PMIP1311802161t_gm_vm
r_3944,PMIP1311812161t_gm_vm
r_3945,PMIP1311602181t_gm_vm
r_3946,PMIP1311612181t_gm_vm
r_3947,PMIP1311802181t_gm_vm
r_3948,PMIP1311812181t_gm_vm
r_3949,PMIB13511602161t_ce_vm
r_3950,PMIB13511612161t_ce_vm
r_3951,PMIB13511802161t_ce_vm
r_3952,PMIB13511812161t_ce_vm
r_3953,PMIB13511602181t_ce_vm
r_3954,PMIB13511612181t_ce_vm
r_3955,PMIB13511802181t_ce_vm
r_3956,PMIB13511812181t_ce_vm
r_3957,Htmm
r_3958,GLY3Ptmm
r_3959,CMPtmm
r_3960,CTPtmm
r_3961,PImm
r_3962,PPItmm
r_3973,ERGESTTRAERMCYT
r_3987,PSterm
r_3996,PCHOLHSTDerm
r_4005,PE_HSterm
r_4038,TAGerm
r_4040,HEMATRA
r_4043,EX_raffin_e
r_4044,EX_melib_e
r_4041,BIOPSE
r_4046,ATPM
r_4047,PROPSE
r_4048,CARPSE
r_4049,RNAPSE
r_4050,DNAPSE
r_4051,CERTRA3
r_4052,INOPHOPHOTRA
r_4053,INOPCERTRA
r_4054,MANPHOTRA
r_4055,LONCHABASTRA
r_4056,LONCHABASPHOTRA
r_4057,PHOTRA1
r_4058,DIGTRA
r_4059,SN2ACY1LYSTRA
r_4060,PHOTRA2
r_4061,CARTRA
r_4062,LIPBACEXC
r_4063,LIPBACPSE
r_4064,LIPCHAEXC
r_4065,LIPCHAPSE
r_4066,CER124GOLSLIRXN
r_4067,CER126GOLSLIRXN
r_4068,CER224GOLSLIRXN
r_4069,CER226GOLSLIRXN
r_4070,CERPRISLIME224g
r_4071,CERPRISLIME226g
r_4072,CER324GOLSLIRXN
r_4073,CER326GOLSLIRXN
r_4074,CER424GOLSLIRXN
r_4075,CER426GOLSLIRXN
r_4076,PHYENDSLIRXN
r_4077,PHY1PHOENDSLIRXN
r_4078,SPHENDSLIRXN
r_4079,SPH1PHOENDSLIRXN
r_4080,PHSLIME11602161erm
r_4081,PHSLIME11602181erm
r_4082,PHSLIME11612161erm
r_4083,PHSLIME11612181erm
r_4084,PHSLIME11802161erm
r_4085,PHSLIME11802181erm
r_4086,PHSLIME11812161erm
r_4087,PHSLIME11812181erm
r_4088,DISLIME11602161erm
r_4089,DISLIME11602181erm
r_4090,DISLIME11612161erm
r_4091,DISLIME11612181erm
r_4092,DISLIME11802161erm
r_4093,DISLIME11802181erm
r_4094,DISLIME11812161erm
r_4095,DISLIME11812181erm
r_4096,SNACLYSLIME21161erm
r_4097,SNACLYSLIME21181erm
r_4098,PHSLIME11602161mm
r_4099,PHSLIME11612161mm
r_4100,PHSLIME11802161mm
r_4101,PHSLIME11812161mm
r_4102,PHSLIME11602181mm
r_4103,PHSLIME11612181mm
r_4104,CASLIME1160216131604161mm
r_4105,CASLIME1160216131614161mm
r_4106,CASLIME1160216131804161mm
r_4107,CASLIME1160216131814161mm
r_4108,CASLIME1160216131604181mm
r_4109,CASLIME1160216131614181mm
r_4110,CASLIME1161216131604161mm
r_4111,CASLIME1161216131614161mm
r_4112,CASLIME1161216131804161mm
r_4113,CASLIME1161216131814161mm
r_4114,CASLIME1161216131604181mm
r_4115,CASLIME1161216131614181mm
r_4116,CASLIME1180216131604161mm
r_4117,CASLIME1180216131614161mm
r_4118,CASLIME1180216131804161mm
r_4119,CASLIME1180216131814161mm
r_4120,CASLIME1180216131604181mm
r_4121,CASLIME1180216131614181mm
r_4122,CASLIME1181216131604161mm
r_4123,CASLIME1181216131614161mm
r_4124,CASLIME1181216131804161mm
r_4125,CASLIME1181216131814161mm
r_4126,CASLIME1181216131604181mm
r_4127,CASLIME1181216131614181mm
r_4128,CASLIME1160218131604161mm
r_4129,CASLIME1160218131614161mm
r_4130,CASLIME1160218131804161mm
r_4131,CASLIME1160218131814161mm
r_4132,CASLIME1160218131604181mm
r_4133,CASLIME1160218131614181mm
r_4134,CASLIME1161218131604161mm
r_4135,CASLIME1161218131614161mm
r_4136,CASLIME1161218131804161mm
r_4137,CASLIME1161218131814161mm
r_4138,CASLIME1161218131604181mm
r_4139,CASLIME1161218131614181mm
r_4140,CASLIME1181218131604161mm
r_4141,CASLIME1181218131614161mm
r_4142,CASLIME1181218131804161mm
r_4143,CASLIME1181218131814161mm
r_4144,CASLIME1181218131604181mm
r_4145,CASLIME1181218131614181mm
r_4146,CASLIME1160216131814181mm
r_4147,CASLIME1161216131814181mm
r_4148,CASLIME1180216131814181mm
r_4149,CASLIME1181216131814181mm
r_4150,CASLIME1160218131814181mm
r_4151,CASLIME1161218131814181mm
r_4152,HEMELm
r_4153,ACTD
r_4154,ACTDn
r_4155,AGGGAFMSTYOXI
r_4156,MAMEMEAPE2
r_4157,APPPRRPHT1
r_4158,NADOXI
r_4159,GLCNACTr
r_4160,ADADADDIRIPPT
r_4161,ARGt_v_c
r_4162,HISt_v_c
r_4163,LYSt_v_c
r_4164,OXACOALx
r_4165,ARALPSGCL2
r_4166,ARALPSGCL22
r_4167,VACACHCO1VAHOCCFAPR1
r_4168,FRUt_c_v
r_4169,GALt_c_v
r_4170,GLCNACPT_r
r_4171,GTHRDH_syn
r_4172,CD2abc1
r_4173,LCYSACCSUL
r_4174,CHSTEROLt_r_erm
r_4175,PUARALDHG
r_4176,PUARALDHG2
r_4177,3MBZALDH
r_4178,PUARALDHG3
r_4179,4MBZALDH
r_4180,BZALDH
r_4181,MANTRAATP1EC3.6
r_4183,MNLDH2
r_4184,HMOGPPFLYA442
r_4185,OAADC
r_4186,LMETDISSOXI
r_4187,PROTRSm
r_4188,GGCLUT2
r_4189,4AHYDTETHYDHYDLYA
r_4190,SPODMm
r_4191,2DOXG6PP
r_4192,CYLYMET1
r_4193,ADMELYMET
r_4194,ZN2t_c_r
r_4195,ZN2t_m_v
r_4196,FCYTOB5OXR_r
r_4197,FCYTOB5OXR_m
r_4198,BIBCFPRRED24
r_4199,GLGS1
r_4200,GLGS12
r_4201,GLGS13
r_4202,METSOXR1
r_4203,ILLLVYAPE1
r_4204,ILLLVYAPE12
r_4205,OPAH
r_4206,THHYASAMLYA3
r_4207,EGDDLMOP24
r_4208,GTHDH
r_4209,GTHDHx
r_4210,UREHYDLYACYAFOR
r_4211,RPGPPPGHLYA535
r_4212,PYDXS
r_4214,AMPTASECG
r_4215,CGDUGPGDCSMDP1
r_4216,ACP1_FMN
r_4217,FEROm
r_4218,ADGTATTDCL
r_4219,ADGTATTDCL2
r_4220,4NITPHOPHO
r_4221,RE1317C
r_4222,GALK2
r_4223,3HYD2METCOAHYD
r_4224,NAabcO
r_4225,BRRAACPHDE3.DEERPR1t_
r_4226,ALATA_L
r_4227,AMID2
r_4228,AMID3
r_4229,MONACIAMIAMI
r_4230,AMID5
r_4231,ACYAMI
r_4232,GNK
r_4233,ADMETEFACYMET
r_4234,GGGPCS
r_4235,HEX1_copy
r_4236,GLYOX3
r_4237,CAVATRATP2
r_4238,CATRATP2g
r_4239,LARGTRNARGPROARG
r_4240,DOOLDIPRSU
r_4241,MAPROLGCL
r_4242,ISAOCEPMAT161
r_4243,AADGGMADGLPMAT1236
r_4244,GMMAMBGBGDAMAT1314146
r_4245,MANPGHv
r_4246,ALMA
r_4247,ATPTHRBICADE
r_4248,SERD_D
r_4249,CYSS_m
r_4250,DOLDIPPHO
r_4251,CTPCYT
r_4252,THITHISYNTHIBIOENZ
r_4253,DBGPGAGAMAMAMAMAMAMAMAMAMBGBGDA13131212131213121616141412
r_4254,NODOx
r_4255,NODOy
r_4256,LIPATPT_copy
r_4258,LCPLAF
r_4260,DEDGGLHO1
r_4261,DEDGGLHO12
r_4262,ACONTm
r_4263,CLt_g_c
r_4264,FRD2m
r_4265,NUCTRIDIP
r_4266,NTPP5
r_4267,NTPP1
r_4268,NTPP7
r_4269,HINNNCPPSST1
r_4270,SPODM
r_4271,EMAMOR129
r_4272,ALMAAL12
r_4273,ETH2OXINITFOR
r_4274,SHSL4r
r_4275,FEIINADOXI
r_4276,FEIINADOXI2
r_4277,ACGPATR31
r_4278,DIPLIGAMPFOR
r_4279,8OXODGTDIP
r_4280,OCANACPROC
r_4281,LIPACPPRON6LIP
r_4282,PFK26_1
r_4283,HEX7_copy
r_4284,GLUK_syn
r_4285,GLUKA
r_4286,HEX10
r_4287,ABFPT
r_4288,G6PI_1
r_4291,GLYALDDr
r_4292,4ABUTD
r_4293,ABUTD
r_4294,ALDD20x
r_4295,2PRO1ALNOXI
r_4296,ALDD32
r_4297,TMABADH_copy
r_4298,ALDHc
r_4299,IMACTD_copy
r_4300,r0688
r_4301,5HOXINDACTOX_copy
r_4302,NABTNO
r_4303,FATALDDEHHFDEC1.2
r_4304,FATALDDEHHFDEC1.22
r_4305,CHLOXI
r_4306,PYLALDOX_copy
r_4307,FAROXI
r_4308,AAPPPPT
r_4309,PUTESTYMREC3.1
r_4310,GDMAALMAT12
r_4311,GDMAALMAT122
r_4312,SADELMETNMET
r_4313,AADGMAGLPMAT12689
r_4314,AADGMAGLPMAT126892
r_4315,GLYCLTDx
r_4316,ADDEGMADGLMPMAT11223967
r_4317,SUCR
r_4318,ISO6ALPDGLU
r_4319,DEX6ALPDGLU
r_4320,DBGPMAMAMAMAMAMAMAMAMBGBGDA1212131213121616141413
r_4321,DBGPGAMAMAMAMAMAMAMAMAMBGBGDA131212131213121616141413
r_4322,GPMAT4
r_4323,PRON6OCTANOLYSSUL
r_4324,OCTANOACPSULSUL
r_4325,IRSUCLASPR2MIIRSUCLSCPR2
r_4326,CYANSTm
r_4327,MG2t_c_m
r_4328,UDPPHOBETDGLU
r_4329,HMR_9626
r_4330,PYDXOR
r_4331,ACBEGL14
r_4332,CHOLtu
r_4333,POLPHO
r_4334,CU2abc_c_g
r_4335,NTP2
r_4336,r0085
r_4337,IROSULCLUTRAATMMIT
r_4338,ALOLGCL126
r_4339,UACGAMt_r_g
r_4340,DHAAAOP3
r_4341,GLYC2Pt_e_c
r_4342,G2PP
r_4343,THRPHOPROSYMt_
r_4344,PTHRc
r_4345,ALKPHO
r_4346,GUATRAPROSYM
r_4347,3NUCLE4
r_4348,3GMPt6
r_4349,2PGLYCt6
r_4350,PGLYCP
r_4351,ALKPHO2
r_4352,CYSSPHOTRAPROSYM
r_4353,CYSOXI
r_4354,HYPOXI
r_4355,RE2034C
r_4356,2AMIYRATRA
r_4357,ALKPHO3
r_4358,URPRPHPRSY2t_
r_4359,3NUCLE2
r_4360,3UMPt6
r_4361,GLYMETTRAPROSYM
r_4362,DIP
r_4363,R07
r_4364,NPHOTRA
r_4365,CRETRA
r_4366,ARGKr
r_4367,ARGPt6
r_4368,TYRPc
r_4369,TRITRAINPROSYM
r_4370,ALKPHO4
r_4371,CYPRMOPRSY2t_
r_4372,CYCPHO
r_4373,PRPRCYUMPRSY23t_
r_4374,SUALCALYA34
r_4375,SULALAPROANT3t_
r_4376,3NUCLE1
r_4377,3AMPtc
r_4378,ALPGLU
r_4379,PALAt2
r_4380,RE2223c
r_4381,ACETRAPROSYM
r_4382,THICOXI
r_4383,TETtc
r_4384,5DGLCNR
r_4385,5DGLCNt2ec
r_4386,DIP2
r_4387,ALAASPPROSYMt_
r_4388,CYCPHO2
r_4389,PRPRCYCMPRSY23t_
r_4390,BG_MADGc
r_4391,MEOHt2
r_4392,ALPMETGLUPROSYMt_
r_4393,ATPTAG6PHO
r_4394,DTAG6PHO4EPI
r_4395,TAGAT_Dt
r_4396,AACOAT
r_4397,RE2640C
r_4398,ALAGLNTRAPROSYM
r_4399,LALALGLUtcv
r_4400,MLTG1e
r_4401,ALATHRTRAPROSYM
r_4402,ALTHPRSYEXCYt_
r_4403,PPA2_copy
r_4404,GLASPRSYEXCYt_
r_4405,GLY1PHOTRA
r_4406,PSER_Dt6
r_4407,PSP_D
r_4408,LALALGLUtec
r_4409,LALGPv
r_4410,3OXAGLYLYAOXAFOR
r_4411,LCYSBISLYADEA
r_4412,CYCPHO3
r_4413,DEO3PRIPHO
r_4414,CYTNONDIP
r_4415,CYTNONSPEDIP
r_4416,CYTNONSPEDIP2
r_4417,CYTNONSPEDIP3
r_4418,CYTNONSPEDIP4
r_4419,LCYSTRAPROSYM
r_4420,ALPGLU2
r_4421,2HYDTRAPROSYM
r_4422,3OXATRAPROSYM
r_4423,GLYMETTRAPROSYM2
r_4424,GLYGLNTRAPROSYM
r_4425,GLYGLNTRAPROSYM2
r_4426,ALAGLNTRAPROSYM2
r_4427,NACETRAPROSYM
r_4428,PHOTRAPROSYM
r_4429,ALAHISTRAPROSYM
r_4430,ALAHISTRAPROSYM2
r_4431,ALAASPPROSYMt_2
r_4432,FDMO
r_4433,THY3MONTRA
r_4434,THY5MONTRA
r_4435,GLY1PHOPHO
r_4436,NSTPMPHT5
r_4437,GLGLPRSYEXCYt_
r_4438,GLGLPRSYCYVAt_
r_4439,CYTNONDIP2
r_4440,METt_c_v
r_4441,THRt_c_v
r_4442,EX_cysam_e
r_4443,23CGMPtec
r_4444,2PGt6
r_4445,3PGt6
r_4446,G1Ptec
r_4447,CBPtec
r_4448,MEALPRSYEXCYt_
r_4449,MEALPRSYCYVAt_
r_4450,PSER_Lt6
r_4451,GMPt6
r_4452,MINOHPtec
r_4453,G6Pt_e_c
r_4454,UMPtec
r_4455,PEPt6
r_4456,MAN6Ptec
r_4457,PHOETHPROSYMt_
r_4458,6PGCt6
r_4459,MAN1Pt6
r_4460,PYRTRAINPROSYM
r_4461,CHOLPtr
r_4462,TSULt
r_4463,AMPt6
r_4464,23CAMPtec
r_4465,ADPRMOPRSY2t_
r_4466,CMPt6
r_4467,GAMt1r
r_4468,DRIBt
r_4469,CITRt2r
r_4470,DHAt
r_4471,ALLEPRSYEXCYt_
r_4472,ALLEPRSYCYVAt_
r_4473,LALATRAPROANT
r_4474,LALATRAPROANT2
r_4475,ACGLUtd
r_4476,ACGLUtm
r_4477,LPAMt
r_4478,METSOX1tec
r_4479,GLYASNTRAPROSYM
r_4480,CYSTRAPROANT
r_4481,H2SO_copy
r_4482,ALAt2cv
r_4483,GLYt2cv
r_4484,SHSL2
r_4485,34HPPOR
r_4486,HGNTOR
r_4487,MACACI
r_4488,FUMAC
r_4489,ABTD
r_4490,XYLUR
r_4491,ARAREDDARA
r_4492,ABTDG
r_4493,ACACtec
r_4494,EX_meoh_e
r_4495,ALKPHO5
r_4496,EX_L_alagly_e
r_4497,3OXA3EXC
r_4498,EX_pala_e
r_4499,EX_5dglcn_e
r_4500,EX_tag__D_e
r_4501,TUREXC
r_4502,EX_g6p_e
r_4503,EX_malttr_e
r_4504,EX_g1p_e
r_4505,EX_madg_e
r_4506,EX_gam_e
r_4507,EX_dha_e
r_4508,EX_ala_L_gln__L_e
r_4509,ALALEUEXC
r_4510,EX_gly_gln__L_e
r_4511,EX_ala_L_his__L_e
r_4512,EX_gly_asn__L_e
r_4513,EX_LalaLglu_e
r_4514,EX_gly_met__L_e
r_4515,EX_ala_L_asp__L_e
r_4516,EX_gly_glu__L_e
r_4517,EX_ala_L_Thr__L_e
r_4518,EX_met_L_ala__L_e
r_4519,EX_citr__L_e
r_4520,EX_C02356_e
r_4521,EX_cholp_e
r_4522,GLY1PHOEXC
r_4523,EX_2pg_e
r_4524,EX_gmp_e
r_4525,EX_pser__L_e
r_4526,EX_pser__D_e
r_4527,EX_ppi_e
r_4528,TRIEXC
r_4529,EX_pep_e
r_4530,EX_argp_e
r_4531,CARPHOEXC
r_4532,EX_ethamp_e
r_4533,CYSSPHOEXC
r_4534,GUA2PRIMONEXC
r_4535,EX_glyc2p_e
r_4536,EX_3gmp_e
r_4537,EX_2pglyc_e
r_4538,EX_6pgc_e
r_4539,EX_man6p_e
r_4540,EX_23cgmp_e
r_4541,EX_tyrp_e
r_4542,EX_thrp_e
r_4543,EX_3pg_e
r_4544,ADE2PRIPHOEXC
r_4545,EX_3amp_e
r_4546,EX_23camp_e
r_4547,EX_man1p_e
r_4548,EX_amp_e
r_4549,EX_C02712_e
r_4550,EX_metsox_S__L_e
r_4551,3SULLALAEXC
r_4552,EX_CE1310_e
r_4553,EX_Lcyst_e
r_4554,EX_isetac_e
r_4555,EX_acac_e
r_4556,EX_acglu_e
r_4557,EX_ump_e
r_4558,EX_cmp_e
r_4559,THY5PRIMONEXC
r_4560,THY3PRIMONEXC
r_4561,CYT2PRIPHOEXC
r_4562,URI2PRIPHOEXC
r_4563,EX_3ump_e
r_4564,EX_23ccmp_e
r_4565,EX_23cump_e
r_4566,GNK_copy
r_4567,6PHOPHO
r_4568,R06
r_4569,CARESTHYD
r_4570,PHODEH
r_4571,SEE
r_4572,APAT2c
r_4573,MMSAD3
r_4574,3OXOOXIDECCOAACE
r_4575,3OXOPROCARLYA
r_4576,KARI_23dhmbc
r_4577,DIHACIDEHMIT
r_4578,KETACIREDMIT
r_4579,ACLS
r_4580,KARA1
r_4581,ERTHMMOR
r_4582,MALBETMETSYN
r_4583,FACOAE1829Z12Z
r_4584,FACOAL1821
r_4585,STACHGALACT
r_4586,STASYN
r_4587,CA2t3ec
r_4588,Clt
r_4589,CU2TRA
r_4590,MNt2
r_4591,r2073_1
r_4592,MGt2ec
r_4593,EX_cl_e
r_4594,EX_cu2_e
r_4595,EX_mn2_e
r_4596,EX_zn2_e
r_4597,EX_mg2_e
r_4598,COFPSE
r_4599,IONPSE
r_4600,EX_ca2_e
