r_0005,13BETGLUSYN
r_0006,16BETGLUSYN
r_0013,23DI5ME1PHDERE
r_0015,DRPPPNRED25645
r_0017,AHHM246
r_0026,ARAT
r_0027,2METDEH
r_0041,3DSPHRr
r_0044,3HPH5MBDCm
r_0059,3ISO3MET
r_0073,4PPIP5DEPTOIP6
r_0074,4PPIP5PYR45PP2IP4
r_0082,PMI12346PH
r_0083,PMI12346PS
r_0088,5PPIP5PYR45PP2IP4
r_0089,5PPIP5PYR56PP2IP4
r_0092,6PPIP5DEPTOIP6
r_0093,6PPIP5PYR56PP2IP4
r_0094,AOXSr
r_0096,ACEACIISO
r_0097,ACESYN
r_0107,ACACT5r_1p
r_0114,ACSn
r_0120,ACYCOAOXIDECCOA
r_0126,ACOCEATRerm1
r_0127,ACOCEATRerm2
r_0128,ACOCFATRerm
r_0129,ACOCLATRerm
r_0130,ACOCZATRerm
r_0131,ACPCEATRerm1
r_0132,ACPCEATRerm2
r_0133,ACPCFATRerm
r_0134,ACPCLATRerm
r_0135,ACPCZATRerm
r_0137,ACGPIN2POGPANASST3
r_0159,ALCACEETH
r_0192,ALP12MAN
r_0228,BDMT_cho
r_0229,BIOSYN
r_0234,C3STEDEH
r_0235,C3STEDEH4MET
r_0236,STKEMERED34
r_0238,C4METSTEOXI
r_0240,C4METSTEOXI2
r_0241,SMDOXI444
r_0249,CAAFAR
r_0259,CERH124r
r_0260,CER1HYDLAS24C
r_0261,CERH126r
r_0262,CER1HYDLAS26C
r_0267,CERS324r
r_0268,CERS326r
r_0269,CER4SYN24C
r_0270,CER4SYN26C
r_0271,CHIDEA
r_0272,CHISYN
r_0281,FRTTlp
r_0282,GGTTlp
r_0283,PPTTlp
r_0284,HEXTTlp
r_0285,CISPRESTE05
r_0286,CISPRESTE06
r_0287,CISPRESTE07
r_0288,UDPDPSlp
r_0289,CISPRESTE09
r_0290,CISPRESTE10
r_0291,CISPRESTE11
r_0292,CISPRESTE12
r_0293,CISPRESTE13
r_0294,CISPRESTE14
r_0295,CISPRESTE15
r_0296,CISPRESTE16
r_0297,CISPRESTE17
r_0298,CISPRESTE18
r_0299,CISPRESTE19
r_0319,DARA14LACOXI
r_0331,DEOSYNCYTMIT
r_0340,DIH
r_0341,DIH2
r_0342,DIH3
r_0343,DIH4
r_0347,DHNPA2m
r_0350,DIHSYN
r_0357,DTK1346
r_0358,DTKSYN1346
r_0369,ETHACEHYDEST
r_0399,FATACICOALIGDEC
r_0438,FERCOXOXI
r_0439,UBICRED
r_0510,GLYSTASYN
r_0518,ACGPIDr
r_0519,GPIANCASSSTE5
r_0520,GPIANCASSSTE6
r_0521,GPIANCASSSTE7
r_0522,GPIANCASSSTE8
r_0523,GPIANCASSSTE9
r_0532,HEXAPRBENMET
r_0543,HOMSYN
r_0545,HOMDEH
r_0571,IPKIN134562
r_0572,ITKIN13456n
r_0573,ITKKIN14563n
r_0574,ITKIN1456n
r_0575,MI145PKn
r_0596,IPSPHOC
r_0597,IPSPHOC2
r_0598,IPSPHOC3
r_0599,IPSPHOC4
r_0600,IPSPHOC5
r_0601,IPSPHOC6
r_0602,IPSPHOC7
r_0603,IPSPHOC8
r_0604,IPSPHOC9
r_0605,IPSPHOC10
r_0606,IPSPHOC11
r_0607,IPSPHOC12
r_0608,IPSPHOC13
r_0609,IPSPHOC14
r_0610,IPSPHOC15
r_0611,IPSPHOC16
r_0612,IPSPHOC17
r_0613,IPSPHOC18
r_0614,IPSPHOC19
r_0615,IPSPHOC20
r_0616,IPSPHOC21
r_0617,IPSPHOC22
r_0618,IPSPHOC23
r_0619,IPSPHOC24
r_0620,IPSPHOC25
r_0621,IPSPHOC26
r_0622,IPSPHOC27
r_0623,IPSPHOC28
r_0624,IPSPHOC29
r_0625,IPSPHOC30
r_0626,IPSPHOC31
r_0627,IPSPHOC32
r_0628,IPSPHOC33
r_0629,IPSPHOC34
r_0630,IPSPHOC35
r_0631,IPSPHOC36
r_0632,IPSPHOC37
r_0633,IPSPHOC38
r_0634,IPSPHOC39
r_0635,IPSPHOC40
r_0636,IPSPHOC41
r_0637,IPSPHOC42
r_0638,IPSPHOC43
r_0639,IPSPHOC44
r_0640,IPSPHOC45
r_0641,IPSPHOC46
r_0642,IPSPHOC47
r_0643,IPSPHOC48
r_0644,IPSPHOC49
r_0645,IPSPHOC50
r_0646,IPSPHOC51
r_0647,IPSPHOC52
r_0648,IPSPHOC53
r_0649,IPSPHOC54
r_0650,IPSPHOC55
r_0651,IPSPHOC56
r_0652,IPSPHOC57
r_0653,IPSPHOC58
r_0654,IPSPHOC59
r_0655,IPSPHOC60
r_0687,LHYDPROREDNAD
r_0703,LEUA4HYD
r_0704,LEUA4HYD2
r_0705,LEUA4HYD3
r_0706,LEUA4HYD4
r_0708,LTA4Hn
r_0747,MIPSYN
r_0748,MIPSYN2
r_0749,MIPSYN3
r_0750,MIPSYN4
r_0751,MIPSYN5
r_0752,MIPSYN6
r_0753,MIPSYN7
r_0754,MIPSYN8
r_0755,MIPSYN9
r_0756,MIPSYN10
r_0763,NFOROXI
r_0767,NADNn
r_0769,DNGALn
r_0771,NADKIN
r_0772,NADKINMIT
r_0844,PERACYCOATHI
r_0882,PHOMUT
r_0911,AIRC1
r_0919,PHY
r_0920,PHY2
r_0921,PSPHPLr
r_0922,PSPHSr
r_0940,PROD2m
r_0963,QUIOXI
r_0993,SERPTr
r_1000,FUMREDFMN
r_1006,SLCBK2r
r_1007,SLCBK1r
r_1008,ACONIm
r_1069,UDPNACEDIP
r_1095,YUMSYN
r_1838,HOMSYN2
r_2112,KYNAMI
r_2113,SPOKYNACITOQUIACI
r_2114,QUILSYN
r_2116,ALDD2x
r_2117,PHETRA
r_2119,TYRTRA
r_2126,SBP
r_2140,FATACYCOASYNNC16
r_2141,FATACYCOASYNNC18
r_2143,KAOHAASYN3
r_2144,KAOOAASYN3
r_2147,OAAHOAARED33
r_2148,HATTBEADHT32
r_2150,HATTOEADHT32
r_2151,ENOACPREDBUTANOACP
r_2152,ENOACPREDHEXANOACP
r_2153,ENOACPREDOCTANOACP
r_2154,OXTEDECO3
r_2155,ELOI3OXOPALCOA
r_2156,3OACOASerm
r_2157,RE0565erm
r_2158,RE0569erm
r_2159,RE0573erm
r_2160,HMR_2215erm
r_2161,KCHTDCRED3
r_2162,KCHPCRED3
r_2163,RE0581erm
r_2164,RE0566erm
r_2165,RE0570erm
r_2166,RE0574erm
r_2167,KCHHACRED3
r_2168,ECOAH6erm
r_2169,ECOAH7erm
r_2170,RE0582erm
r_2171,HACTIECDHT2
r_2172,HACTDECDHT2
r_2173,RE0575erm
r_2174,HACTHAECDHT2
r_2175,ACOAR6erm
r_2176,ACOAR7erm
r_2177,ECOARerm
r_2178,TRENCORED21
r_2179,TRENCORED22
r_2180,RE0576erm
r_2181,TRENCORED23
r_2182,DESAT16_2erm
r_2183,STCOerm
r_2194,FACOAL120erm
r_2195,FACOAL140erm
r_2196,FACOAL160erm
r_2197,FACOAL161erm
r_2198,FACOAL180erm
r_2199,FACOAerm
r_2200,FACOAL120lp
r_2201,FACOAL140lp
r_2202,FACOAL160lp
r_2203,FACOAL161lp
r_2204,FACOAL180lp
r_2205,FACOAlp
r_2207,FACOAL180x
r_2208,FACOAP
r_2209,FACOAL200ce
r_2210,DOCOSACTce
r_2211,FACOAL240ce
r_2212,FACOAL260ce
r_2213,DOCOSACTerm
r_2214,FACOAL240erm
r_2215,FACOAL260erm
r_2216,DOCOSACTlp
r_2217,FACOAL240lp
r_2218,FACOAL260lp
r_2232,PERACYCOATHI40
r_2234,FACOAE161x
r_2235,PERACYCOATHI181
r_2238,ACYCOAOXIOCTANOCOA
r_2239,ACYCOAOXIICOSANCOA
r_2240,ACYCOAOXIDOCOSACOA
r_2242,ACYCOAOXIPALCOA
r_2243,ACCTDECOXI7
r_2244,ACCDECOXI5
r_2245,ACYCOAOXIOLECOA
r_2246,ACCHAECOXI7
r_2247,ACCTDECOXI5
r_2253,ECHHACHYT231
r_2254,ECHBACHYT23
r_2255,ECHHACHYT232
r_2256,ECHOACHYT23
r_2257,ECHISCHYT23
r_2258,ECHDOCHYT23
r_2259,ECHTCCHYT23
r_2260,ECHCHAECHYT239
r_2261,ECHCTDECHYT237
r_2262,ECHCDECHYT235
r_2263,ECHCOAECHYT239
r_2264,ECHCHAECHYT237
r_2265,ECHCTDECHYT235
r_2270,HACOHACDHG331
r_2271,HACOBACDHG33
r_2272,HACOHACDHG332
r_2273,HACOOACDHG33
r_2274,HACOISCDHG33
r_2275,HACODOCDHG33
r_2276,HACOTCCDHG33
r_2277,HACOCHAECDHG339
r_2278,HACOCTDECDHG337
r_2279,HACOCDECDHG335
r_2280,HACOCOAECDHG339
r_2281,HACOCHAECDHG337
r_2282,HACOCTDECDHG335
r_2289,ACCTDECATR7
r_2290,ACCDECATR5
r_2291,ACCDECATR31
r_2292,ACCHAECATR7
r_2293,ACCTDECATR5
r_2294,ACCDECATR32
r_2295,ECCDEC31
r_2296,ECTCDC25
r_2298,ECCDEC32
r_2299,ECTCTDC25
r_2300,ECTTDEC3
r_2301,DDDCTCDC352435
r_2302,DDDCTCTDC352435
r_2303,DCTTDCRED2424
r_2304,DCTTTDCRED2424
r_2308,G3PAT160erm
r_2309,GLY3PHOACY161ERM
r_2310,GLY3PHOACY180ERM
r_2311,GLY3PHOACY181ERM
r_2312,DIHACEPHOACY160ERM
r_2313,DIHACEPHOACY161ERM
r_2314,DIHACEPHOACY180ERM
r_2315,DIHACEPHOACY181ERM
r_2316,3PAT160lp
r_2317,GLY3PHOACY161LIP
r_2318,GLY3PHOACY180LIP
r_2319,GLY3PHOACY181LIP
r_2320,DIHACEPHOACY160LIP
r_2321,DIHACEPHOACY161LIP
r_2322,DIHACEPHOACY180LIP
r_2323,DIHACEPHOACY181LIP
r_2324,ACYDHARED160ERM
r_2325,ACYDHARED161ERM
r_2326,ACYDHARED180ERM
r_2327,ACYDHARED181ERM
r_2328,ACYDHARED160LIP
r_2329,ACYDHARED161LIP
r_2330,ACYDHARED180LIP
r_2331,ACYDHARED181LIP
r_2332,AGPATR1311602161erm
r_2333,AGPATR1311602181erm
r_2334,AGPATR1311612161erm
r_2335,AGPATR1311612181erm
r_2336,AGPATR1311802161erm
r_2337,AGPATR1311802181erm
r_2338,AGPATR1311812161erm
r_2339,AGPATR1311812181erm
r_2340,AGPATR1311602181lp
r_2341,AGPATR1311612181lp
r_2342,AGPATR1311802181lp
r_2343,AGPATR1311812181lp
r_2344,PHT11602161erm
r_2345,PHT11602181erm
r_2346,PAPA161erm
r_2347,PHT11612181erm
r_2348,PHT11802161erm
r_2349,PHT11802181erm
r_2350,PHT11812161erm
r_2351,PHT11812181erm
r_2352,PHT11602161vm
r_2353,PHT11602181vm
r_2354,PAPA161vm
r_2355,PHT11612181vm
r_2356,PHT11802161vm
r_2357,PHT11802181vm
r_2358,PHT11812161vm
r_2359,PHT11812181vm
r_2360,PHT11602161gm
r_2361,PHT11602181gm
r_2362,PAPA161gm
r_2363,PHT11612181gm
r_2364,PHT11802161gm
r_2365,PHT11802181gm
r_2366,PHT11812161gm
r_2367,PHT11812181gm
r_2368,DATR116021613160erm
r_2369,DATR116021813160erm
r_2370,DATR116121613160erm
r_2371,DATR116121813160erm
r_2372,DATR118021613160erm
r_2373,DATR118021813160erm
r_2374,DATR118121613160erm
r_2375,DATR118121813160erm
r_2376,DATR116021613161erm
r_2377,DATR116021813161erm
r_2378,ACOADAGAT_HDE_HDE_HDE_erm
r_2379,DATR116121813161erm
r_2380,DATR118021613161erm
r_2381,DATR118021813161erm
r_2382,DATR118121613161erm
r_2383,DATR118121813161erm
r_2384,DATR116021613180erm
r_2385,DATR116021813180erm
r_2386,DATR116121613180erm
r_2387,DATR116121813180erm
r_2388,DATR118021613180erm
r_2389,DATR118021813180erm
r_2390,DATR118121613180erm
r_2391,DATR118121813180erm
r_2392,DATR116021613181erm
r_2393,DATR116021813181erm
r_2394,DATR116121613181erm
r_2395,DATR116121813181erm
r_2396,DATR118021613181erm
r_2397,DATR118021813181erm
r_2398,DATR118121613181erm
r_2399,DATR118121813181erm
r_2400,DATR116021613160lp
r_2401,DATR116021813160lp
r_2402,DATR116121613160lp
r_2403,DATR116121813160lp
r_2404,DATR118021613160lp
r_2405,DATR118021813160lp
r_2406,DATR118121613160lp
r_2407,DATR118121813160lp
r_2408,DATR116021613161lp
r_2409,DATR116021813161lp
r_2410,ACOADAGAT_HDE_HDE_HDE_lp
r_2411,DATR116121813161lp
r_2412,DATR118021613161lp
r_2413,DATR118021813161lp
r_2414,DATR118121613161lp
r_2415,DATR118121813161lp
r_2416,DATR116021613180lp
r_2417,DATR116021813180lp
r_2418,DATR116121613180lp
r_2419,DATR116121813180lp
r_2420,DATR118021613180lp
r_2421,DATR118021813180lp
r_2422,DATR118121613180lp
r_2423,DATR118121813180lp
r_2424,DATR116021613181lp
r_2425,DATR116021813181lp
r_2426,DATR116121613181lp
r_2427,DATR116121813181lp
r_2428,DATR118021613181lp
r_2429,DATR118021813181lp
r_2430,DATR118121613181lp
r_2431,DATR118121813181lp
r_2432,CDSYN11602161erm
r_2433,CDSYN11612161erm
r_2434,CDSYN11802161erm
r_2435,CDSYN11812161erm
r_2436,CDSYN11602181erm
r_2437,CDSYN11612181erm
r_2438,CDSYN11802181erm
r_2439,CDSYN11812181erm
r_2440,CDSYN11602161mm
r_2441,CDSYN11612161mm
r_2442,CDSYN11802161mm
r_2443,CDSYN11812161mm
r_2444,CDSYN11602181mm
r_2445,CDSYN11612181mm
r_2446,PSSYN11602161erm
r_2447,PSSYN11612161erm
r_2448,PSSYN11802161erm
r_2449,PSSYN11812161erm
r_2450,PSSYN11602181erm
r_2451,PSSYN11612181erm
r_2452,PSSYN11802181erm
r_2453,PSSYN11812181erm
r_2454,PISYN11602161erm
r_2455,PISYN11612161erm
r_2456,PISYN11802161erm
r_2457,PISYN11812161erm
r_2458,PISYN11602181erm
r_2459,PISYN11612181erm
r_2460,PISYN11802181erm
r_2461,PISYN11812181erm
r_2462,LATR11802161erm
r_2463,LATR11802181erm
r_2464,PSDEC11602161mm
r_2465,PSDEC11612161mm
r_2466,PSDEC11802161mm
r_2467,PSDEC11812161mm
r_2468,PSDEC11602181mm
r_2469,PSDEC11612181mm
r_2470,PSDEC11802181mm
r_2471,PSDEC11812181mm
r_2472,PSDEC11602161gm
r_2473,PSDEC11612161gm
r_2474,PSDEC11802161gm
r_2475,PSDEC11812161gm
r_2476,PSDEC11602181gm
r_2477,PSDEC11612181gm
r_2478,PSDEC11802181gm
r_2479,PSDEC11812181gm
r_2480,PSDEC11602161vm
r_2481,PSDEC11612161vm
r_2482,PSDEC11802161vm
r_2483,PSDEC11812161vm
r_2484,PSDEC11602181vm
r_2485,PSDEC11612181vm
r_2486,PSDEC11802181vm
r_2487,PSDEC11812181vm
r_2488,PEMET11602161erm
r_2489,PEMET11612161erm
r_2490,PEMET11802161erm
r_2491,PEMET11812161erm
r_2492,PEMET11602181erm
r_2493,PEMET11612181erm
r_2494,PEMET11802181erm
r_2495,PEMET11812181erm
r_2496,PMMET11602161erm
r_2497,PMMET11612161erm
r_2498,PMMET11802161erm
r_2499,PMMET11812161erm
r_2500,PMMET11602181erm
r_2501,PMMET11612181erm
r_2502,PMMET11802181erm
r_2503,PMMET11812181erm
r_2504,PDMET11602161erm
r_2505,PDMET11612161erm
r_2506,PDMET11802161erm
r_2507,PDMET11812161erm
r_2508,PDMET11602181erm
r_2509,PDMET11612181erm
r_2510,PDMET11802181erm
r_2511,PDMET11812181erm
r_2512,DKIN11602161erm
r_2513,DKIN11612161erm
r_2514,DKIN11802161erm
r_2515,DKIN11812161erm
r_2516,DKIN11602181erm
r_2517,DKIN11612181erm
r_2518,DKIN11802181erm
r_2519,DKIN11812181erm
r_2520,ETH11602161ERM
r_2521,ETHAPT_HDE_HDE_erm
r_2522,ETH11802161ERM
r_2523,ETH11812161ERM
r_2524,ETH11602181ERM
r_2525,ETH11612181ERM
r_2526,ETH11802181ERM
r_2527,ETH11812181ERM
r_2528,CHO11602161ERM
r_2529,CHOPT_HDE_HDE_erm
r_2530,CHO11802161ERM
r_2531,CHO11812161ERM
r_2532,CHO11602181ERM
r_2533,CHO11612181ERM
r_2534,CHO11802181ERM
r_2535,CHO11812181ERM
r_2536,PSYN11602161mm
r_2537,PSYN11612161mm
r_2538,PSYN11802161mm
r_2539,PSYN11812161mm
r_2540,PSYN11602181mm
r_2541,PSYN11612181mm
r_2542,PPHT11602161mm
r_2543,PPHT11612161mm
r_2544,PPHT11802161mm
r_2545,PPHT11812161mm
r_2546,PPHT11602181mm
r_2547,PPHT11612181mm
r_2548,SYN1160216131604161mm
r_2549,SYN1160216131614161mm
r_2550,SYN1160216131804161mm
r_2551,SYN1160216131814161mm
r_2552,SYN1160216131604181mm
r_2553,SYN1160216131614181mm
r_2554,SYN1161216131604161mm
r_2555,SYN1161216131614161mm
r_2556,SYN1161216131804161mm
r_2557,SYN1161216131814161mm
r_2558,SYN1161216131604181mm
r_2559,SYN1161216131614181mm
r_2560,SYN1180216131604161mm
r_2561,SYN1180216131614161mm
r_2562,SYN1180216131804161mm
r_2563,SYN1180216131814161mm
r_2564,SYN1180216131604181mm
r_2565,SYN1180216131614181mm
r_2566,SYN1181216131604161mm
r_2567,SYN1181216131614161mm
r_2568,SYN1181216131804161mm
r_2569,SYN1181216131814161mm
r_2570,SYN1181216131604181mm
r_2571,SYN1181216131614181mm
r_2572,SYN1160218131604161mm
r_2573,SYN1160218131614161mm
r_2574,SYN1160218131804161mm
r_2575,SYN1160218131814161mm
r_2576,SYN1160218131604181mm
r_2577,SYN1160218131614181mm
r_2578,SYN1161218131604161mm
r_2579,SYN1161218131614161mm
r_2580,SYN1161218131804161mm
r_2581,SYN1161218131814161mm
r_2582,SYN1161218131604181mm
r_2583,SYN1161218131614181mm
r_2584,PPPL11602161316041611mm
r_2585,PPPL11602161316141611mm
r_2586,PPPL11602161318041611mm
r_2587,PPPL11602161318141611mm
r_2588,PPPL11602161316041811mm
r_2589,PPPL11602161316141811mm
r_2590,PPPL11802161316041611mm
r_2591,PPPL11802161316141611mm
r_2592,PPPL11802161318041611mm
r_2593,PPPL11802161318141611mm
r_2594,PPPL11802161316041811mm
r_2595,PPPL11802161316141811mm
r_2596,PPPL11602181316041611mm
r_2597,PPPL11602181316141611mm
r_2598,PPPL11602181318041611mm
r_2599,PPPL11602181318141611mm
r_2600,PPPL11602181316041811mm
r_2601,PPPL11602181316141811mm
r_2602,PPPL11602161316041613mm
r_2603,PPPL11602161318041613mm
r_2604,PPPL11602161316041813mm
r_2605,PPPL11612161316041613mm
r_2606,PPPL11612161318041613mm
r_2607,PPPL11612161316041813mm
r_2608,PPPL11802161316041613mm
r_2609,PPPL11802161318041613mm
r_2610,PPPL11802161316041813mm
r_2611,PPPL11812161316041613mm
r_2612,PPPL11812161318041613mm
r_2613,PPPL11812161316041813mm
r_2614,PPPL11602181316041613mm
r_2615,PPPL11602181318041613mm
r_2616,PPPL11602181316041813mm
r_2617,PPPL11612181316041613mm
r_2618,PPPL11612181318041613mm
r_2619,PPPL11612181316041813mm
r_2620,MATR21613160416111602161mm
r_2621,MATR21613160416111612161mm
r_2622,MATR21613160416111802161mm
r_2623,MATR21613160416111812161mm
r_2624,MATR21613160416111602181mm
r_2625,MATR21613160416111612181mm
r_2626,MATR21613160416111802181mm
r_2627,MATR21613160416111812181mm
r_2628,MATR21613161416111602161mm
r_2629,MATR21613161416111612161mm
r_2630,MATR21613161416111802161mm
r_2631,MATR21613161416111812161mm
r_2632,MATR21613161416111602181mm
r_2633,MATR21613161416111612181mm
r_2634,MATR21613161416111802181mm
r_2635,MATR21613161416111812181mm
r_2636,MATR21613180416111602161mm
r_2637,MATR21613180416111612161mm
r_2638,MATR21613180416111802161mm
r_2639,MATR21613180416111812161mm
r_2640,MATR21613180416111602181mm
r_2641,MATR21613180416111612181mm
r_2642,MATR21613180416111802181mm
r_2643,MATR21613180416111812181mm
r_2644,MATR21613181416111602161mm
r_2645,MATR21613181416111612161mm
r_2646,MATR21613181416111802161mm
r_2647,MATR21613181416111812161mm
r_2648,MATR21613181416111602181mm
r_2649,MATR21613181416111612181mm
r_2650,MATR21613181416111802181mm
r_2651,MATR21613181416111812181mm
r_2652,MATR21613160418111602161mm
r_2653,MATR21613160418111612161mm
r_2654,MATR21613160418111802161mm
r_2655,MATR21613160418111812161mm
r_2656,MATR21613160418111602181mm
r_2657,MATR21613160418111612181mm
r_2658,MATR21613160418111802181mm
r_2659,MATR21613160418111812181mm
r_2660,MATR21613161418111602161mm
r_2661,MATR21613161418111612161mm
r_2662,MATR21613161418111802161mm
r_2663,MATR21613161418111812161mm
r_2664,MATR21613161418111602181mm
r_2665,MATR21613161418111612181mm
r_2666,MATR21613161418111802181mm
r_2667,MATR21613161418111812181mm
r_2668,MATR21813160416111602161mm
r_2669,MATR21813160416111612161mm
r_2670,MATR21813160416111802161mm
r_2671,MATR21813160416111812161mm
r_2672,MATR21813160416111602181mm
r_2673,MATR21813160416111612181mm
r_2674,MATR21813160416111802181mm
r_2675,MATR21813160416111812181mm
r_2676,MATR21813161416111602161mm
r_2677,MATR21813161416111612161mm
r_2678,MATR21813161416111802161mm
r_2679,MATR21813161416111812161mm
r_2680,MATR21813161416111602181mm
r_2681,MATR21813161416111612181mm
r_2682,MATR21813161416111802181mm
r_2683,MATR21813161416111812181mm
r_2684,MATR21813180416111602161mm
r_2685,MATR21813180416111612161mm
r_2686,MATR21813180416111802161mm
r_2687,MATR21813180416111812161mm
r_2688,MATR21813180416111602181mm
r_2689,MATR21813180416111612181mm
r_2690,MATR21813180416111802181mm
r_2691,MATR21813180416111812181mm
r_2692,MATR21813181416111602161mm
r_2693,MATR21813181416111612161mm
r_2694,MATR21813181416111802161mm
r_2695,MATR21813181416111812161mm
r_2696,MATR21813181416111602181mm
r_2697,MATR21813181416111612181mm
r_2698,MATR21813181416111802181mm
r_2699,MATR21813181416111812181mm
r_2700,MATR21813160418111602161mm
r_2701,MATR21813160418111612161mm
r_2702,MATR21813160418111802161mm
r_2703,MATR21813160418111812161mm
r_2704,MATR21813160418111602181mm
r_2705,MATR21813160418111612181mm
r_2706,MATR21813160418111802181mm
r_2707,MATR21813160418111812181mm
r_2708,MATR21813161418111602161mm
r_2709,MATR21813161418111612161mm
r_2710,MATR21813161418111802161mm
r_2711,MATR21813161418111812161mm
r_2712,MATR21813161418111602181mm
r_2713,MATR21813161418111612181mm
r_2714,MATR21813161418111802181mm
r_2715,MATR21813161418111812181mm
r_2716,MATR11602161416111602161mm
r_2717,MATR11602161416111612161mm
r_2718,MATR11602161416111802161mm
r_2719,MATR11602161416111812161mm
r_2720,MATR11602161416111602181mm
r_2721,MATR11602161416111612181mm
r_2722,MATR11602161416111802181mm
r_2723,MATR11602161416111812181mm
r_2724,MATR11602161418111602161mm
r_2725,MATR11602161418111612161mm
r_2726,MATR11602161418111802161mm
r_2727,MATR11602161418111812161mm
r_2728,MATR11602161418111602181mm
r_2729,MATR11602161418111612181mm
r_2730,MATR11602161418111802181mm
r_2731,MATR11602161418111812181mm
r_2732,MATR11612161416111602161mm
r_2733,MATR11612161416111612161mm
r_2734,MATR11612161416111802161mm
r_2735,MATR11612161416111812161mm
r_2736,MATR11612161416111602181mm
r_2737,MATR11612161416111612181mm
r_2738,MATR11612161416111802181mm
r_2739,MATR11612161416111812181mm
r_2740,MATR11612161418111602161mm
r_2741,MATR11612161418111612161mm
r_2742,MATR11612161418111802161mm
r_2743,MATR11612161418111812161mm
r_2744,MATR11612161418111602181mm
r_2745,MATR11612161418111612181mm
r_2746,MATR11612161418111802181mm
r_2747,MATR11612161418111812181mm
r_2748,MATR11802161416111602161mm
r_2749,MATR11802161416111612161mm
r_2750,MATR11802161416111802161mm
r_2751,MATR11802161416111812161mm
r_2752,MATR11802161416111602181mm
r_2753,MATR11802161416111612181mm
r_2754,MATR11802161416111802181mm
r_2755,MATR11802161416111812181mm
r_2756,MATR11802161418111602161mm
r_2757,MATR11802161418111612161mm
r_2758,MATR11802161418111802161mm
r_2759,MATR11802161418111812161mm
r_2760,MATR11802161418111602181mm
r_2761,MATR11802161418111612181mm
r_2762,MATR11802161418111802181mm
r_2763,MATR11802161418111812181mm
r_2764,MATR11812161416111602161mm
r_2765,MATR11812161416111612161mm
r_2766,MATR11812161416111802161mm
r_2767,MATR11812161416111812161mm
r_2768,MATR11812161416111602181mm
r_2769,MATR11812161416111612181mm
r_2770,MATR11812161416111802181mm
r_2771,MATR11812161416111812181mm
r_2772,MATR11812161418111602161mm
r_2773,MATR11812161418111612161mm
r_2774,MATR11812161418111802161mm
r_2775,MATR11812161418111812161mm
r_2776,MATR11812161418111602181mm
r_2777,MATR11812161418111612181mm
r_2778,MATR11812161418111802181mm
r_2779,MATR11812161418111812181mm
r_2780,MATR11602181416111602161mm
r_2781,MATR11602181416111612161mm
r_2782,MATR11602181416111802161mm
r_2783,MATR11602181416111812161mm
r_2784,MATR11602181416111602181mm
r_2785,MATR11602181416111612181mm
r_2786,MATR11602181416111802181mm
r_2787,MATR11602181416111812181mm
r_2788,MATR11602181418111602161mm
r_2789,MATR11602181418111612161mm
r_2790,MATR11602181418111802161mm
r_2791,MATR11602181418111812161mm
r_2792,MATR11602181418111602181mm
r_2793,MATR11602181418111612181mm
r_2794,MATR11602181418111802181mm
r_2795,MATR11602181418111812181mm
r_2796,MATR11612181416111602161mm
r_2797,MATR11612181416111612161mm
r_2798,MATR11612181416111802161mm
r_2799,MATR11612181416111812161mm
r_2800,MATR11612181416111602181mm
r_2801,MATR11612181416111612181mm
r_2802,MATR11612181416111802181mm
r_2803,MATR11612181416111812181mm
r_2804,MATR11612181418111602161mm
r_2805,MATR11612181418111612161mm
r_2806,MATR11612181418111802161mm
r_2807,MATR11612181418111812161mm
r_2808,MATR11612181418111602181mm
r_2809,MATR11612181418111612181mm
r_2810,MATR11612181418111802181mm
r_2811,MATR11612181418111812181mm
r_2820,PKIN411602161ce
r_2821,PIP4K_HDE_HDE_ce
r_2822,PKIN411802161ce
r_2823,PKIN411812161ce
r_2824,PKIN411602181ce
r_2825,PKIN411612181ce
r_2826,PKIN411802181ce
r_2827,PKIN411812181ce
r_2828,PKIN411602161vm
r_2829,PIP4K_HDE_HDE_vm
r_2830,PKIN411802161vm
r_2831,PKIN411812161vm
r_2832,PKIN411602181vm
r_2833,PKIN411612181vm
r_2834,PKIN411802181vm
r_2835,PKIN411812181vm
r_2836,PKIN411602161gm
r_2837,PIP4K_HDE_HDE_gm
r_2838,PKIN411802161gm
r_2839,PKIN411812161gm
r_2840,PKIN411602181gm
r_2841,PKIN411612181gm
r_2842,PKIN411802181gm
r_2843,PKIN411812181gm
r_2844,PKIN411602161n
r_2845,PIP4K_HDE_HDE_n
r_2846,PKIN411802161n
r_2847,PKIN411812161n
r_2848,PKIN411602181n
r_2849,PKIN411612181n
r_2850,PKIN411802181n
r_2851,PKIN411812181n
r_2852,PKIN311602161vm
r_2853,PIP3K_HDE_HDE_vm
r_2854,PKIN311802161vm
r_2855,PKIN311812161vm
r_2856,PKIN311602181vm
r_2857,PKIN311612181vm
r_2858,PKIN311802181vm
r_2859,PKIN311812181vm
r_2860,PIKIN4511602161n
r_2861,PIKIN4511612161n
r_2862,PIKIN4511802161n
r_2863,PIKIN4511812161n
r_2864,PIKIN4511602181n
r_2865,PIKIN4511612181n
r_2866,PIKIN4511802181n
r_2867,PIKIN4511812181n
r_2868,PIKIN4511602161ce
r_2869,PIKIN4511612161ce
r_2870,PIKIN4511802161ce
r_2871,PIKIN4511812161ce
r_2872,PIKIN4511602181ce
r_2873,PIKIN4511612181ce
r_2874,PIKIN4511802181ce
r_2875,PIKIN4511812181ce
r_2876,PIKIN3511602161vm
r_2877,PIKIN3511612161vm
r_2878,PIKIN3511802161vm
r_2879,PIKIN3511812161vm
r_2880,PIKIN3511602181vm
r_2881,PIKIN3511612181vm
r_2882,PIKIN3511802181vm
r_2883,PIKIN3511812181vm
r_2884,PEDATR1160216111602161erm
r_2885,PEDATR1161216111602161erm
r_2886,PEDATR1180216111602161erm
r_2887,PEDATR1181216111602161erm
r_2888,PEDATR1160218111602161erm
r_2889,PEDATR1161218111602161erm
r_2890,PEDATR1180218111602161erm
r_2891,PEDATR1181218111602161erm
r_2892,PEDATR1160216111612161erm
r_2893,PLDAGAT_HDE_HDE_HDE_PE_11_erm
r_2894,PEDATR1180216111612161erm
r_2895,PEDATR1181216111612161erm
r_2896,PEDATR1160218111612161erm
r_2897,PEDATR1161218111612161erm
r_2898,PEDATR1180218111612161erm
r_2899,PEDATR1181218111612161erm
r_2900,PEDATR1160216111802161erm
r_2901,PEDATR1161216111802161erm
r_2902,PEDATR1180216111802161erm
r_2903,PEDATR1181216111802161erm
r_2904,PEDATR1160218111802161erm
r_2905,PEDATR1161218111802161erm
r_2906,PEDATR1180218111802161erm
r_2907,PEDATR1181218111802161erm
r_2908,PEDATR1160216111812161erm
r_2909,PEDATR1161216111812161erm
r_2910,PEDATR1180216111812161erm
r_2911,PEDATR1181216111812161erm
r_2912,PEDATR1160218111812161erm
r_2913,PEDATR1161218111812161erm
r_2914,PEDATR1180218111812161erm
r_2915,PEDATR1181218111812161erm
r_2916,PEDATR1160216111602181erm
r_2917,PEDATR1161216111602181erm
r_2918,PEDATR1180216111602181erm
r_2919,PEDATR1181216111602181erm
r_2920,PEDATR1160218111602181erm
r_2921,PEDATR1161218111602181erm
r_2922,PEDATR1180218111602181erm
r_2923,PEDATR1181218111602181erm
r_2924,PEDATR1160216111612181erm
r_2925,PEDATR1161216111612181erm
r_2926,PEDATR1180216111612181erm
r_2927,PEDATR1181216111612181erm
r_2928,PEDATR1160218111612181erm
r_2929,PEDATR1161218111612181erm
r_2930,PEDATR1180218111612181erm
r_2931,PEDATR1181218111612181erm
r_2932,PEDATR1160216111802181erm
r_2933,PEDATR1161216111802181erm
r_2934,PEDATR1180216111802181erm
r_2935,PEDATR1181216111802181erm
r_2936,PEDATR1160218111802181erm
r_2937,PEDATR1161218111802181erm
r_2938,PEDATR1180218111802181erm
r_2939,PEDATR1181218111802181erm
r_2940,PEDATR1160216111812181erm
r_2941,PEDATR1161216111812181erm
r_2942,PEDATR1180216111812181erm
r_2943,PEDATR1181216111812181erm
r_2944,PEDATR1160218111812181erm
r_2945,PEDATR1161218111812181erm
r_2946,PEDATR1180218111812181erm
r_2947,PEDATR1181218111812181erm
r_2948,PCDATR1160216111602161erm
r_2949,PCDATR1161216111602161erm
r_2950,PCDATR1180216111602161erm
r_2951,PCDATR1181216111602161erm
r_2952,PCDATR1160218111602161erm
r_2953,PCDATR1161218111602161erm
r_2954,PCDATR1180218111602161erm
r_2955,PCDATR1181218111602161erm
r_2956,PCDATR1160216111612161erm
r_2957,PLDAGAT_HDE_HDE_HDE_PC_3_erm
r_2958,PCDATR1180216111612161erm
r_2959,PCDATR1181216111612161erm
r_2960,PCDATR1160218111612161erm
r_2961,PCDATR1161218111612161erm
r_2962,PCDATR1180218111612161erm
r_2963,PCDATR1181218111612161erm
r_2964,PCDATR1160216111802161erm
r_2965,PCDATR1161216111802161erm
r_2966,PCDATR1180216111802161erm
r_2967,PCDATR1181216111802161erm
r_2968,PCDATR1160218111802161erm
r_2969,PCDATR1161218111802161erm
r_2970,PCDATR1180218111802161erm
r_2971,PCDATR1181218111802161erm
r_2972,PCDATR1160216111812161erm
r_2973,PCDATR1161216111812161erm
r_2974,PCDATR1180216111812161erm
r_2975,PCDATR1181216111812161erm
r_2976,PCDATR1160218111812161erm
r_2977,PCDATR1161218111812161erm
r_2978,PCDATR1180218111812161erm
r_2979,PCDATR1181218111812161erm
r_2980,PCDATR1160216111602181erm
r_2981,PCDATR1161216111602181erm
r_2982,PCDATR1180216111602181erm
r_2983,PCDATR1181216111602181erm
r_2984,PCDATR1160218111602181erm
r_2985,PCDATR1161218111602181erm
r_2986,PCDATR1180218111602181erm
r_2987,PCDATR1181218111602181erm
r_2988,PCDATR1160216111612181erm
r_2989,PCDATR1161216111612181erm
r_2990,PCDATR1180216111612181erm
r_2991,PCDATR1181216111612181erm
r_2992,PCDATR1160218111612181erm
r_2993,PCDATR1161218111612181erm
r_2994,PCDATR1180218111612181erm
r_2995,PCDATR1181218111612181erm
r_2996,PCDATR1160216111802181erm
r_2997,PCDATR1161216111802181erm
r_2998,PCDATR1180216111802181erm
r_2999,PCDATR1181216111802181erm
r_3000,PCDATR1160218111802181erm
r_3001,PCDATR1161218111802181erm
r_3002,PCDATR1180218111802181erm
r_3003,PCDATR1181218111802181erm
r_3004,PCDATR1160216111812181erm
r_3005,PCDATR1161216111812181erm
r_3006,PCDATR1180216111812181erm
r_3007,PCDATR1181216111812181erm
r_3008,PCDATR1160218111812181erm
r_3009,PCDATR1161218111812181erm
r_3010,PCDATR1180218111812181erm
r_3011,PCDATR1181218111812181erm
r_3022,BCPLIP11602161erm
r_3023,PLA2PC_HDE_HDE_erm
r_3024,BCPLIP11802161erm
r_3025,BCPLIP11812161erm
r_3026,BCPLIP11602181erm
r_3027,BCPLIP11612181erm
r_3028,BCPLIP11802181erm
r_3029,BCPLIP11812181erm
r_3030,LPCH160_sn1_erm
r_3031,LPCH1619Z_sn1_erm
r_3032,LPCH180_sn1_erm
r_3033,LPCH1819Z_sn1_erm
r_3034,BCPLIP11602161ce
r_3035,PLA2PC_HDE_HDE_ce
r_3036,BCPLIP11802161ce
r_3037,BCPLIP11812161ce
r_3038,BCPLIP11602181ce
r_3039,BCPLIP11612181ce
r_3040,BCPLIP11802181ce
r_3041,BCPLIP11812181ce
r_3042,LPCH160_sn1_ce
r_3043,LPCH1619Z_sn1_ce
r_3044,LPCH180_sn1_ce
r_3045,LPCH1819Z_sn1_ce
r_3046,PEPPL11602161ce
r_3047,PLIPA2E161ce
r_3048,PEPPL11802161ce
r_3049,PEPPL11812161ce
r_3050,PEPPL11602181ce
r_3051,PEPPL11612181ce
r_3052,PEPPL11802181ce
r_3053,PEPPL11812181ce
r_3054,LPLIPAL1E160ce
r_3055,LPLIPAL1E161ce
r_3056,LPLIPAL1E180ce
r_3057,LPLIPAL1E181ce
r_3058,PSPPL11602161ce
r_3059,PSPPL11612161ce
r_3060,PSPPL11802161ce
r_3061,PSPPL11812161ce
r_3062,PSPPL11602181ce
r_3063,PSPPL11612181ce
r_3064,PSPPL11802181ce
r_3065,PSPPL11812181ce
r_3066,LPSPHOB160CEL
r_3067,LPSPHOB161CEL
r_3068,LPSPHOB180CEL
r_3069,LPSPHOB181CEL
r_3070,PIPPL11602161ce
r_3071,PIPPL11612161ce
r_3072,PIPPL11802161ce
r_3073,PIPPL11812161ce
r_3074,PIPPL11602181ce
r_3075,PIPPL11612181ce
r_3076,PIPPL11802181ce
r_3077,PIPPL11812181ce
r_3078,LPIPHOB160CEL
r_3079,LPIPHOB161CEL
r_3080,LPIPHOB180CEL
r_3081,LPIPHOB181CEL
r_3082,PIPPL4511602161c
r_3083,PIPPL4511612161c
r_3084,PIPPL4511802161c
r_3085,PIPPL4511812161c
r_3086,PIPPL4511602181c
r_3087,PIPPL4511612181c
r_3088,PIPPL4511802181c
r_3089,PIPPL4511812181c
r_3090,PIPPL4511602161n
r_3091,PIPPL4511612161n
r_3092,PIPPL4511802161n
r_3093,PIPPL4511812161n
r_3094,PIPPL4511602181n
r_3095,PIPPL4511612181n
r_3096,PIPPL4511802181n
r_3097,PIPPL4511812181n
r_3098,PPL11602161mm
r_3099,PPL11612161mm
r_3100,PPL11802161mm
r_3101,PPL11812161mm
r_3102,PPL11602181mm
r_3103,PPL11612181mm
r_3104,DCPLIP11602161ce
r_3105,PLDPC_HDE_HDE_ce
r_3106,DCPLIP11802161ce
r_3107,DCPLIP11812161ce
r_3108,DCPLIP11602181ce
r_3109,DCPLIP11612181ce
r_3110,DCPLIP11802181ce
r_3111,DCPLIP11812181ce
r_3112,PIPHT311602161ce
r_3113,PIP3P_HDE_HDE_ce
r_3114,PIPHT311802161ce
r_3115,PIPHT311812161ce
r_3116,PIPHT311602181ce
r_3117,PIPHT311612181ce
r_3118,PIPHT311802181ce
r_3119,PIPHT311812181ce
r_3120,PIPHT311602161c
r_3122,PIPHT311802161c
r_3123,PIPHT311812161c
r_3124,PIPHT311602181c
r_3125,PIPHT311612181c
r_3126,PIPHT311802181c
r_3127,PIPHT311812181c
r_3128,PIPHT311602161erm
r_3129,PIP3P_HDE_HDE_erm
r_3130,PIPHT311802161erm
r_3131,PIPHT311812161erm
r_3132,PIPHT311602181erm
r_3133,PIPHT311612181erm
r_3134,PIPHT311802181erm
r_3135,PIPHT311812181erm
r_3136,PIPHT311602161gm
r_3137,PIP3P_HDE_HDE_gm
r_3138,PIPHT311802161gm
r_3139,PIPHT311812161gm
r_3140,PIPHT311602181gm
r_3141,PIPHT311612181gm
r_3142,PIPHT311802181gm
r_3143,PIPHT311812181gm
r_3144,PIPHT411602161ce
r_3145,PIPHT411612161ce
r_3146,PIPHT411802161ce
r_3147,PIPHT411812161ce
r_3148,PIPHT411602181ce
r_3149,PIPHT411612181ce
r_3150,PIPHT411802181ce
r_3151,PIPHT411812181ce
r_3152,PIPHT411602161c
r_3153,PIPHT411612161c
r_3154,PIPHT411802161c
r_3155,PIPHT411812161c
r_3156,PIPHT411602181c
r_3157,PIPHT411612181c
r_3158,PIPHT411802181c
r_3159,PIPHT411812181c
r_3160,PIPHT411602161erm
r_3161,PIPHT411612161erm
r_3162,PIPHT411802161erm
r_3163,PIPHT411812161erm
r_3164,PIPHT411602181erm
r_3165,PIPHT411612181erm
r_3166,PIPHT411802181erm
r_3167,PIPHT411812181erm
r_3168,PIPHT411602161gm
r_3169,PIPHT411612161gm
r_3170,PIPHT411802161gm
r_3171,PIPHT411812161gm
r_3172,PIPHT411602181gm
r_3173,PIPHT411612181gm
r_3174,PIPHT411802181gm
r_3175,PIPHT411812181gm
r_3176,PIPHT3511602161ce
r_3177,PIPHT3511612161ce
r_3178,PIPHT3511802161ce
r_3179,PIPHT3511812161ce
r_3180,PIPHT3511602181ce
r_3181,PIPHT3511612181ce
r_3182,PIPHT3511802181ce
r_3183,PIPHT3511812181ce
r_3184,PIPHT3511602161c
r_3185,PIPHT3511612161c
r_3186,PIPHT3511802161c
r_3187,PIPHT3511812161c
r_3188,PIPHT3511602181c
r_3189,PIPHT3511612181c
r_3190,PIPHT3511802181c
r_3191,PIPHT3511812181c
r_3192,PIPHT4511602161ce
r_3193,PIPHT4511612161ce
r_3194,PIPHT4511802161ce
r_3195,PIPHT4511812161ce
r_3196,PIPHT4511602181ce
r_3197,PIPHT4511612181ce
r_3198,PIPHT4511802181ce
r_3199,PIPHT4511812181ce
r_3200,PIPHT4511602161c
r_3201,PIPHT4511612161c
r_3202,PIPHT4511802161c
r_3203,PIPHT4511812161c
r_3204,PIPHT4511602181c
r_3205,PIPHT4511612181c
r_3206,PIPHT4511802181c
r_3207,PIPHT4511812181c
r_3208,PIPHT4511602161erm
r_3209,PIPHT4511612161erm
r_3210,PIPHT4511802161erm
r_3211,PIPHT4511812161erm
r_3212,PIPHT4511602181erm
r_3213,PIPHT4511612181erm
r_3214,PIPHT4511802181erm
r_3215,PIPHT4511812181erm
r_3216,PIPHT3511602161vm
r_3217,PIPHT3511612161vm
r_3218,PIPHT3511802161vm
r_3219,PIPHT3511812161vm
r_3220,PIPHT3511602181vm
r_3221,PIPHT3511612181vm
r_3222,PIPHT3511802181vm
r_3223,PIPHT3511812181vm
r_3224,DPHT11602161vm
r_3225,DPHT11612161vm
r_3226,DPHT11802161vm
r_3227,DPHT11812161vm
r_3228,DPHT11602181vm
r_3229,DPHT11612181vm
r_3230,DPHT11802181vm
r_3231,DPHT11812181vm
r_3232,DPHT11602161gm
r_3233,DPHT11612161gm
r_3234,DPHT11802161gm
r_3235,DPHT11812161gm
r_3236,DPHT11602181gm
r_3237,DPHT11612181gm
r_3238,DPHT11802181gm
r_3239,DPHT11812181gm
r_3240,LYSPHO160CYT
r_3241,LYSPHO161CYT
r_3242,LYSPHO180CYT
r_3243,LYSPHO181CYT
r_3244,LYSPHO160VAC
r_3245,LYSPHO161VAC
r_3246,LYSPHO180VAC
r_3247,LYSPHO181VAC
r_3248,LYSPHO160GOL
r_3249,LYSPHO161GOL
r_3250,LYSPHO180GOL
r_3251,LYSPHO181GOL
r_3252,ERGESTHYD161LIP
r_3253,ERGESTHYD181LIP
r_3254,EPIESTHYD161LIP
r_3255,EPIESTHYD181LIP
r_3256,FECESTHYD161LIP
r_3257,FECESTHYD181LIP
r_3258,LANESTHYD161LIP
r_3259,LANESTHYD181LIP
r_3260,ZYMESTHYD161LIP
r_3261,ZYMESTHYD181LIP
r_3262,ZYMESTHYD161CEL
r_3263,ZYMESTHYD181CEL
r_3264,TLIP116021613160lp
r_3265,TLIP116021613161lp
r_3266,TLIP116021613180lp
r_3267,TLIP116021613181lp
r_3268,TAGAH_HDE_HDE_PALM_lp
r_3269,TAGAH_HDE_HDE_HDE_lp
r_3270,TLIP116121613180lp
r_3271,TAGAH_HDE_HDE_OLE_lp
r_3272,TLIP118021613160lp
r_3273,TLIP118021613161lp
r_3274,TLIP118021613180lp
r_3275,TLIP118021613181lp
r_3276,TLIP118121613160lp
r_3277,TLIP118121613161lp
r_3278,TLIP118121613180lp
r_3279,TLIP118121613181lp
r_3280,TLIP116021813160lp
r_3281,TLIP116021813161lp
r_3282,TLIP116021813180lp
r_3283,TLIP116021813181lp
r_3284,TLIP116121813160lp
r_3285,TLIP116121813161lp
r_3286,TLIP116121813180lp
r_3287,TLIP116121813181lp
r_3288,TLIP118021813160lp
r_3289,TLIP118021813161lp
r_3290,TLIP118021813180lp
r_3291,TLIP118021813181lp
r_3292,TLIP118121813160lp
r_3293,TLIP118121813161lp
r_3294,TLIP118121813180lp
r_3295,TLIP118121813181lp
r_3296,DLIP11602161lp
r_3297,DLIP11612161lp
r_3298,DLIP11802161lp
r_3299,DLIP11812161lp
r_3300,DLIP11602181lp
r_3301,DLIP11612181lp
r_3302,DLIP11802181lp
r_3303,DLIP11812181lp
r_3304,DMLIP11602181
r_3305,DMLIP11612181
r_3306,DMLIP11802181
r_3307,DMLIP11812181
r_3308,MAGAH160lp
r_3309,MAGLIP1161LIP
r_3310,MAGAH180lp
r_3311,MAGLIP1181LIP
r_3312,LOCATR1160lp
r_3313,LOCATR1161lp
r_3314,LOCATR1180lp
r_3315,LOCATR1181lp
r_3316,PCPPL11602161lp
r_3317,PLA2PC_HDE_HDE_lp
r_3318,PCPPL11802161lp
r_3319,PCPPL11812161lp
r_3320,PCPPL11602181lp
r_3321,PCPPL11612181lp
r_3322,PCPPL11802181lp
r_3323,PCPPL11812181lp
r_3324,PEPPL11602161lp
r_3325,PLIPA2E161lp
r_3326,PEPPL11802161lp
r_3327,PEPPL11812161lp
r_3328,PEPPL11602181lp
r_3329,PEPPL11612181lp
r_3330,PEPPL11802181lp
r_3331,PEPPL11812181lp
r_4039,SUCOAACTm
r_4042,RAFHe
r_0964,GTHRDtv
r_1028,TCHOLAtv
r_1085,ATPM
r_1086,ATPM
r_1103,5FORHYDACITRA
r_1107,ACEESTTRA
r_1121,CERPRISPH2402t_
r_1122,CERPRISPH2602t_
r_1123,CER3PHYC240TRA
r_1124,CER3PHYC260TRA
r_1130,CTPtm
r_1148,ERGSTtce
r_1162,FECOSTtce
r_1168,GTHRDt2v
r_1202,ILEtv
r_1208,LEUtv
r_1220,TYRtv
r_1228,NNPRIDIFTRA
r_1230,NADTRA
r_1231,NADTRA2
r_1232,NADTRA3
r_1236,FA180x
r_1252,PTRCtv
r_1253,PYRSYM
r_1261,SPMDt3v
r_1263,SPRMt2v
r_1275,UTPTRA
r_1278,ZYMSTtce
r_2219,FATACYCOATRAABC120
r_2220,FATACYCOATRAABC140
r_2222,FATACYCOATRAABC161
r_2224,FATACYCOATRAABC181
r_2225,FATACYCOATRAABC200
r_2228,FATACYCOATRAABC260
r_3348,AIPT1160216124
r_3349,AIPT1161216124
r_3350,AIPT1180216124
r_3351,AIPT1181216124
r_3352,AIPT1160218124
r_3353,AIPT1161218124
r_3354,AIPT1180218124
r_3355,AIPT1181218124
r_3356,AIPT1160216126
r_3357,AIPT1161216126
r_3358,AIPT1180216126
r_3359,AIPT1181216126
r_3360,AIPT1160218126
r_3361,AIPT1161218126
r_3362,AIPT1180218126
r_3363,AIPT1181218126
r_3364,PIPT1160216124
r_3365,PIPT1161216124
r_3366,PIPT1180216124
r_3367,PIPT1181216124
r_3368,PIPT1160218124
r_3369,PIPT1161218124
r_3370,PIPT1180218124
r_3371,PIPT1181218124
r_3372,PIPT1160216126
r_3373,PIPT1161216126
r_3374,PIPT1180216126
r_3375,PIPT1181216126
r_3376,PIPT1160218126
r_3377,PIPT1161218126
r_3378,PIPT1180218126
r_3379,PIPT1181218126
r_3380,BIPT1160216124
r_3381,BIPT1161216124
r_3382,BIPT1180216124
r_3383,BIPT1181216124
r_3384,BIPT1160218124
r_3385,BIPT1161218124
r_3386,BIPT1180218124
r_3387,BIPT1181218124
r_3388,BIPT1160216126
r_3389,BIPT1161216126
r_3390,BIPT1180216126
r_3391,BIPT1181216126
r_3392,BIPT1160218126
r_3393,BIPT1161218126
r_3394,BIPT1180218126
r_3395,BIPT1181218126
r_3396,CIPT1160216124
r_3397,CIPT1161216124
r_3398,CIPT1180216124
r_3399,CIPT1181216124
r_3400,CIPT1160218124
r_3401,CIPT1161218124
r_3402,CIPT1180218124
r_3403,CIPT1181218124
r_3404,CIPT1160216126
r_3405,CIPT1161216126
r_3406,CIPT1180216126
r_3407,CIPT1181216126
r_3408,CIPT1160218126
r_3409,CIPT1161218126
r_3410,CIPT1180218126
r_3411,CIPT1181218126
r_3412,DIPT1160216124
r_3413,DIPT1161216124
r_3414,DIPT1180216124
r_3415,DIPT1181216124
r_3416,DIPT1160218124
r_3417,DIPT1161218124
r_3418,DIPT1180218124
r_3419,DIPT1181218124
r_3420,DIPT1160216126
r_3421,DIPT1161216126
r_3422,DIPT1180216126
r_3423,DIPT1181216126
r_3424,DIPT1160218126
r_3425,DIPT1161218126
r_3426,DIPT1180218126
r_3427,DIPT1181218126
r_3428,ICSYN11602161124
r_3429,ICSYN11612161124
r_3430,ICSYN11802161124
r_3431,ICSYN11812161124
r_3432,ICSYN11602181124
r_3433,ICSYN11612181124
r_3434,ICSYN11802181124
r_3435,ICSYN11812181124
r_3436,ICSYN11602161126
r_3437,ICSYN11612161126
r_3438,ICSYN11802161126
r_3439,ICSYN11812161126
r_3440,ICSYN11602181126
r_3441,ICSYN11612181126
r_3442,ICSYN11802181126
r_3443,ICSYN11812181126
r_3444,ICPSYN11602161224
r_3445,ICPSYN11612161224
r_3446,ICPSYN11802161224
r_3447,ICPSYN11812161224
r_3448,ICPSYN11602181224
r_3449,ICPSYN11612181224
r_3450,ICPSYN11802181224
r_3451,ICPSYN11812181224
r_3452,ICPSYN11602161226
r_3453,ICPSYN11612161226
r_3454,ICPSYN11802161226
r_3455,ICPSYN11812161226
r_3456,ICPSYN11602181226
r_3457,ICPSYN11612181226
r_3458,ICPSYN11802181226
r_3459,ICPSYN11812181226
r_3460,ICSYN11602161224
r_3461,ICSYN11612161224
r_3462,ICSYN11802161224
r_3463,ICSYN11812161224
r_3464,ICSYN11602181224
r_3465,ICSYN11612181224
r_3466,ICSYN11802181224
r_3467,ICSYN11812181224
r_3468,ICSYN11602161226
r_3469,ICSYN11612161226
r_3470,ICSYN11802161226
r_3471,ICSYN11812161226
r_3472,ICSYN11602181226
r_3473,ICSYN11612181226
r_3474,ICSYN11802181226
r_3475,ICSYN11812181226
r_3476,ICSYN11602161324
r_3477,ICSYN11612161324
r_3478,ICSYN11802161324
r_3479,ICSYN11812161324
r_3480,ICSYN11602181324
r_3481,ICSYN11612181324
r_3482,ICSYN11802181324
r_3483,ICSYN11812181324
r_3484,ICSYN11602161326
r_3485,ICSYN11612161326
r_3486,ICSYN11802161326
r_3487,ICSYN11812161326
r_3488,ICSYN11602181326
r_3489,ICSYN11612181326
r_3490,ICSYN11802181326
r_3491,ICSYN11812181326
r_3492,ICSYN11602161424
r_3493,ICSYN11612161424
r_3494,ICSYN11802161424
r_3495,ICSYN11812161424
r_3496,ICSYN11602181424
r_3497,ICSYN11612181424
r_3498,ICSYN11802181424
r_3499,ICSYN11812181424
r_3500,ICSYN11602161426
r_3501,ICSYN11612161426
r_3502,ICSYN11802161426
r_3503,ICSYN11812161426
r_3504,ICSYN11602181426
r_3505,ICSYN11612181426
r_3506,ICSYN11802181426
r_3507,ICSYN11812181426
r_1449,ipc2a24SLIMEg
r_1450,ipc2a26SLIMEg
r_1451,ipc324SLIMEg
r_1452,ipc326SLIMEg
r_1453,ipc124SLIMEg
r_1454,ipc126SLIMEg
r_1455,ipc224SLIMEg
r_1456,ipc226SLIMEg
r_1457,ipc424SLIMEg
r_1458,ipc426SLIMEg
r_1479,mip2c124SLIMEg
r_1480,mip2c126SLIMEg
r_1481,mip2c2a24SLIMEg
r_1482,mip2c2a26SLIMEg
r_1483,mip2c224SLIMEg
r_1484,mip2c226SLIMEg
r_1485,mip2c324SLIMEg
r_1486,mip2c326SLIMEg
r_1487,mip2c424SLIMEg
r_1488,mip2c426SLIMEg
r_1509,mipc2a24SLIMEg
r_1510,mipc2a26SLIMEg
r_1511,mipc324SLIMEg
r_1512,mipc326SLIMEg
r_1513,mipc124SLIMEg
r_1514,mipc126SLIMEg
r_1515,mipc224SLIMEg
r_1516,mipc226SLIMEg
r_1517,mipc424SLIMEg
r_1518,mipc426SLIMEg
r_3963,pail160161SLIMEc
r_3964,pail161SLIMEc
r_3965,pail180161SLIMEc
r_3966,pail181161SLIMEc
r_3967,pail160181SLIMEc
r_3968,pail161181SLIMEc
r_3969,pail180181SLIMEc
r_3970,pail181181SLIMEc
r_3971,ergpalSLIMEerm
r_3972,ergoleSLIMEerm
r_3975,hdcaSLIMEc
r_3976,hdceaSLIMEc
r_3977,ocdcaSLIMEc
r_3978,ocdceaSLIMEc
r_3979,ps160161SLIMEerm
r_3980,ps161161SLIMEerm
r_3981,ps180161SLIMEerm
r_3982,ps181161SLIMEerm
r_3983,ps160181SLIMEerm
r_3984,ps161181SLIMEerm
r_3985,ps180181SLIMEerm
r_3986,ps181181SLIMEerm
r_3988,pc160161SLIMEerm
r_3989,pc161SLIMEerm
r_3990,pc180161SLIMEerm
r_3991,pc181161SLIMEerm
r_3992,pc160181SLIMEerm
r_3993,pc161181SLIMEerm
r_3994,pc180181SLIMEerm
r_3995,pc181181SLIMEerm
r_3997,pe160161SLIMEerm
r_3998,pe161SLIMEerm
r_3999,pe180161SLIMEerm
r_4000,pe181161SLIMEerm
r_4001,pe160181SLIMEerm
r_4002,pe161181SLIMEerm
r_4003,pe180181SLIMEerm
r_4004,pe181181SLIMEerm
r_4006,tag160161160SLIMEerm
r_4007,tag160181160SLIMEerm
r_4008,tag1619Z1619Z160SLIMEerm
r_4009,tag161181160SLIMEerm
r_4010,tag180161160SLIMEerm
r_4011,tag180181160SLIMEerm
r_4012,tag181161160SLIMEerm
r_4013,tag181181160SLIMEerm
r_4014,tag160161161SLIMEerm
r_4015,tag160181161SLIMEerm
r_4016,tag1619Z1619Z1619ZSLIMEerm
r_4017,tag161181161SLIMEerm
r_4018,tag180161161SLIMEerm
r_4019,tag180181161SLIMEerm
r_4020,tag1819Z1619Z1619ZSLIMEerm
r_4021,tag181181161SLIMEerm
r_4022,tag160161180SLIMEerm
r_4023,tag160181180SLIMEerm
r_4024,tag161161180SLIMEerm
r_4025,tag161181180SLIMEerm
r_4026,tag180161180SLIMEerm
r_4027,tag180181180SLIMEerm
r_4028,tag181161180SLIMEerm
r_4029,tag181181180SLIMEerm
r_4030,tag160161181SLIMEerm
r_4031,tag160181181SLIMEerm
r_4032,tag1619Z1619Z1819ZSLIMEerm
r_4033,tag161181181SLIMEerm
r_4034,tag180161181SLIMEerm
r_4035,tag180181181SLIMEerm
r_4036,tag1819Z1619Z1819ZSLIMEerm
r_4037,tag181181181SLIMEerm
r_1543,13BETDGLUTRA
r_1560,MYIN13456PEDI
r_1562,MI1P_Dtr
r_1587,AKGtn
r_1588,AKGtc
r_1628,78DIATRA
r_1635,ACt_c_n
r_1644,ADPtn
r_1645,ADPtr
r_1661,ATPtr
r_1676,CER1_24t_g_r
r_1677,CER2_24t_g_r
r_1678,CERTRA
r_1679,CER1_26t_g_r
r_1680,CER2_26t_g_r
r_1681,CERTRA2
r_1684,CHLtce
r_1686,CITtc
r_1724,ADPDEA
r_1725,DADDEA
r_1759,ERGSTtlp
r_1765,EX_ethace_e
r_1803,GDPALPDMANTRA
r_1827,Htlp
r_1831,Htv
r_1833,HEXCCOAt_c_r
r_1834,EX_hxdcal_e
r_1837,HIStm
r_1851,IPCTRA
r_1852,IPCTRA2
r_1853,IPCTRA3
r_1854,IPCTRA4
r_1855,IPCTRA5
r_1856,IPCTRA6
r_1857,IPCTRA7
r_1858,IPCTRA8
r_1859,IPCTRA9
r_1860,IPCTRA10
r_1890,GLUtn
r_1892,GLNtn
r_1907,SERtr
r_1919,LYStm
r_1920,MIP2CTRA
r_1921,MIP2CTRA2
r_1922,MIP2CTRA3
r_1923,MIP2CTRA4
r_1924,MIP2CTRA5
r_1925,MIP2CTRA6
r_1926,MIP2CTRA7
r_1927,MIP2CTRA8
r_1928,MIP2CTRA9
r_1929,MIP2CTRA10
r_1937,MIPTRA
r_1938,MIPTRA2
r_1939,MIPTRA3
r_1940,MIPTRA4
r_1941,MIPTRA5
r_1942,MIPTRA6
r_1943,MIPTRA7
r_1944,MIPTRA8
r_1945,MIPTRA9
r_1946,MIPTRA10
r_1952,EX_nndif_e
r_1966,NCAMDn
r_1971,NMNPx
r_2004,PHEtm
r_2008,PIcv
r_2063,TTCCOAt_c_t
r_2080,TREtcv
r_2082,TRPtcm
r_2087,TYRtcx
r_2107,ZYMSTtce
r_2108,LIPPSEMER
r_2111,GRO
r_2125,COAt_c_lp
r_2134,EX_44mzym_e
r_2136,14DEMTRA
r_2137,EX_ergtetrol_e
r_2139,ERGTETROLtec
r_2229,BUTt_c_x
r_2231,FA18111Zx
r_2812,LATR11602161mm
r_2813,LATR11602181mm
r_2814,LPCAT_HDE_HDE_sn2_mm
r_2815,LATR11612181mm
r_2816,LATR11802161mm
r_2817,LATR11802181mm
r_2818,LATR11812161mm
r_2819,LATR11812181mm
r_3332,KIN11602161gm
r_3333,KIN11612161gm
r_3334,KIN11802161gm
r_3335,KIN11812161gm
r_3336,KIN11602181gm
r_3337,KIN11612181gm
r_3338,KIN11802181gm
r_3339,KIN11812181gm
r_3340,KIN11602161vm
r_3341,KIN11612161vm
r_3342,KIN11802161vm
r_3343,KIN11812161vm
r_3344,KIN11602181vm
r_3345,KIN11612181vm
r_3346,KIN11802181vm
r_3347,KIN11812181vm
r_3508,DDCAt_c_erm
r_3509,TTDCAt_c_erm
r_3510,FA160erm
r_3511,HDCEAt_c_erm
r_3512,FA180erm
r_3513,FA18111Zerm
r_3514,MALCOATRACYTERM
r_3515,LAUCOATRACYTERM
r_3516,MYRCOATRACYTERM
r_3517,PMTCOAFABP1term
r_3518,r1468_c_erm
r_3519,STCOAterm
r_3520,OLECOATRACYTERM
r_3521,ARACHCOAt_c_erm
r_3522,DOCOSACOATRACYTERM
r_3523,TTCCOAt_c_erm
r_3524,HEXCCOAt_c_erm
r_3525,Hterm
r_3526,H2Oterm
r_3527,CO2term
r_3528,COAterm
r_3529,NADPHterm
r_3530,NADPterm
r_3531,O2term
r_3532,NADHterm
r_3533,NADterm
r_3534,GLY3Pterm
r_3535,DHAPterm
r_3536,PPIterm
r_3537,PIcerm
r_3538,CTPterm
r_3539,CDPterm
r_3540,CMPterm
r_3541,CDPETHTRACYTERM
r_3542,r1159erm
r_3543,ATPterm
r_3544,AMPterm
r_3545,SERterm
r_3546,INSTterm
r_3547,AMETerm
r_3548,AHCYSterm
r_3549,EPISTterm
r_3550,FECOSTterm
r_3551,LANOSTterm
r_3552,ERGSTtcerm
r_3553,ZYMSTterm
r_3554,DI11602161t_erm_c
r_3555,12DGR161t_c_erm
r_3556,DI11802161t_erm_c
r_3557,DI11812161t_erm_c
r_3558,DI11602181t_erm_c
r_3559,DI11612181t_erm_c
r_3560,DI11802181t_erm_c
r_3561,12DGR181t_c_erm
r_3562,PHMYIN111602161t_erm_c
r_3563,PHMYIN111612161t_erm_c
r_3564,PHMYIN111802161t_erm_c
r_3565,PHMYIN111812161t_erm_c
r_3566,PHMYIN111602181t_erm_c
r_3567,PHMYIN111612181t_erm_c
r_3568,PHMYIN111802181t_erm_c
r_3569,PHMYIN111812181t_erm_c
r_3570,G3PCterm
r_3571,FA160lp
r_3572,HDCEAt_c_lp
r_3573,FA180lp
r_3574,FA18111Zlp
r_3575,LAUCOATRACYTLIP
r_3576,MYRCOATRACYTLIP
r_3577,PMTCOAFABP1tlp
r_3578,r1468_c_lp
r_3579,STCOAtlp
r_3580,OLECOATRACYTLIP
r_3581,GLY3Ptlp
r_3582,DHAPtlp
r_3583,NADPHtlp
r_3584,NADPtlp
r_3585,ATPtlp
r_3586,AMPtlp
r_3587,PPItlp
r_3588,DI11602161t_lp_c
r_3589,12DGR161t_c_lp
r_3590,DI11802161t_lp_c
r_3591,DI11812161t_lp_c
r_3592,DI11602181t_lp_c
r_3593,DI11612181t_lp_c
r_3594,DI11802181t_lp_c
r_3595,12DGR181t_c_lp
r_3596,H2Otlp
r_3597,GLYCtlp
r_3598,DOCOSACOATRALIPCYT
r_3599,TTCCOAt_lp_c
r_3600,HEXCCOAt_lp_c
r_3601,ATPtce
r_3602,ADPtce
r_3603,Htce
r_3604,H2Otce
r_3605,PIce
r_3606,G3PCtce
r_3607,G3PItce
r_3608,FA160ce
r_3609,HDCEAt_ce_c
r_3610,FA180ce
r_3611,FA18111Zce
r_3612,ARACHCOAt_ce_c
r_3613,DOCOSACOATRACELCYT
r_3614,TTCCOAt_ce_c
r_3615,HEXCCOAt_ce_c
r_3616,PMIB14511602161t_ce_c
r_3617,PMIB14511612161t_ce_c
r_3618,PMIB14511802161t_ce_c
r_3619,PMIB14511812161t_ce_c
r_3620,PMIB14511602181t_ce_c
r_3621,PMIB14511612181t_ce_c
r_3622,PMIB14511802181t_ce_c
r_3623,PMIB14511812181t_ce_c
r_3624,PMIP1411602161t_ce_c
r_3625,PMIP1411612161t_ce_c
r_3626,PMIP1411802161t_ce_c
r_3627,PMIP1411812161t_ce_c
r_3628,PMIP1411602181t_ce_c
r_3629,PMIP1411612181t_ce_c
r_3630,PMIP1411802181t_ce_c
r_3631,PMIP1411812181t_ce_c
r_3632,PMIB14511602161t_c_n
r_3633,PMIB14511612161t_c_n
r_3634,PMIB14511802161t_c_n
r_3635,PMIB14511812161t_c_n
r_3636,PMIB14511602181t_c_n
r_3637,PMIB14511612181t_c_n
r_3638,PMIB14511802181t_c_n
r_3639,PMIB14511812181t_c_n
r_3640,DI11602161t_c_n
r_3641,12DGR161t_n_c
r_3642,DI11802161t_c_n
r_3643,DI11812161t_c_n
r_3644,DI11602181t_c_n
r_3645,DI11612181t_c_n
r_3646,DI11802181t_c_n
r_3647,12DGR181t_n_c
r_3648,H2Otvm
r_3649,PIvm
r_3650,Htvm
r_3651,ATPtvm
r_3652,ADPtvm
r_3653,CO2tvm
r_3654,PMIB13511602161t_vm_c
r_3655,PMIB13511612161t_vm_c
r_3656,PMIB13511802161t_vm_c
r_3657,PMIB13511812161t_vm_c
r_3658,PMIB13511602181t_vm_c
r_3659,PMIB13511612181t_vm_c
r_3660,PMIB13511802181t_vm_c
r_3661,PMIB13511812181t_vm_c
r_3662,H2Otgm
r_3663,PIgm
r_3664,Htgm
r_3665,CO2tgm
r_3666,ATPtgm
r_3667,ADPtgm
r_3668,H2Otmm
r_3669,CO2tmm
r_3670,r1468_c_mm
r_3671,OLECOATRACYTMIT
r_3672,DI11602161t_mm_c
r_3673,12DGR161t_mm_c
r_3674,DI11802161t_mm_c
r_3675,DI11812161t_mm_c
r_3676,DI11602181t_mm_c
r_3677,DI11612181t_mm_c
r_3678,FA160mm
r_3679,FA180mm
r_3680,COAtmm
r_3681,DDCAt_erm_lp
r_3682,TTDCAt_erm_lp
r_3683,LGNCt_erm_lp
r_3684,HEXCt_erm_lp
r_3685,TA116021613160t_erm_lp
r_3686,TA116021613161t_erm_lp
r_3687,TA116021613180t_erm_lp
r_3688,TA116021613181t_erm_lp
r_3689,TAG_HDE_HDE_PALMt_erm_lp
r_3690,TA116121613161t_erm_lp
r_3691,TA116121613180t_erm_lp
r_3692,TAG_HDE_HDE_OLEt_erm_lp
r_3693,TA118021613160t_erm_lp
r_3694,TA118021613161t_erm_lp
r_3695,TA118021613180t_erm_lp
r_3696,TA118021613181t_erm_lp
r_3697,TA118121613160t_erm_lp
r_3698,TAG_OLE_HDE_HDEt_erm_lp
r_3699,TA118121613180t_erm_lp
r_3700,TAG_OLE_HDE_OLEt_erm_lp
r_3701,TA116021813160t_erm_lp
r_3702,TA116021813161t_erm_lp
r_3703,TA116021813180t_erm_lp
r_3704,TA116021813181t_erm_lp
r_3705,TA116121813160t_erm_lp
r_3706,TA116121813161t_erm_lp
r_3707,TA116121813180t_erm_lp
r_3708,TA116121813181t_erm_lp
r_3709,TA118021813160t_erm_lp
r_3710,TA118021813161t_erm_lp
r_3711,TA118021813180t_erm_lp
r_3712,TA118021813181t_erm_lp
r_3713,TA118121813160t_erm_lp
r_3714,TA118121813161t_erm_lp
r_3715,TA118121813180t_erm_lp
r_3716,TA118121813181t_erm_lp
r_3717,EPISTtlp
r_3718,FECOSTtlp
r_3719,LANOSTtlp
r_3720,ZYMSTtlp
r_3721,ERGPALTRAERMLIP
r_3722,ERGOLETRAERMLIP
r_3723,EPIPALTRAERMLIP
r_3724,EPIOLETRAERMLIP
r_3725,FECPALTRAERMLIP
r_3726,FECOLETRAERMLIP
r_3727,LANPALTRAERMLIP
r_3728,LANOLETRAERMLIP
r_3729,ZYMPALTRAERMLIP
r_3730,ZYMOLETRAERMLIP
r_3731,PHCH11602161t_erm_lp
r_3732,PHCH11612161t_erm_lp
r_3733,PHCH11802161t_erm_lp
r_3734,PHCH11812161t_erm_lp
r_3735,PHCH11602181t_erm_lp
r_3736,PHCH11612181t_erm_lp
r_3737,PHCH11802181t_erm_lp
r_3738,PHCH11812181t_erm_lp
r_3739,PHET11602161t_erm_lp
r_3740,PHET11612161t_erm_lp
r_3741,PHET11802161t_erm_lp
r_3742,PHET11812161t_erm_lp
r_3743,PHET11602181t_erm_lp
r_3744,PHET11612181t_erm_lp
r_3745,PHET11802181t_erm_lp
r_3746,PHET11812181t_erm_lp
r_3747,ACGLPHCH1160t_erm_lp
r_3748,ACGLPHCH1161t_erm_lp
r_3749,ACGLPHCH1180t_erm_lp
r_3750,ACGLPHCH1181t_erm_lp
r_3751,ACGLPHET1160t_erm_lp
r_3752,ACGLPHET1161t_erm_lp
r_3753,ACGLPHET1180t_erm_lp
r_3754,ACGLPHET1181t_erm_lp
r_3755,PH11602181t_erm_lp
r_3756,PH11612181t_erm_lp
r_3757,PH11802181t_erm_lp
r_3758,PH11812181t_erm_lp
r_3759,PH11602161t_erm_mm
r_3760,PH11612161t_erm_mm
r_3761,PH11802161t_erm_mm
r_3762,PH11812161t_erm_mm
r_3763,PH11602181t_erm_mm
r_3764,PH11612181t_erm_mm
r_3765,PHSE11602161t_erm_mm
r_3766,PHSE11612161t_erm_mm
r_3767,PHSE11802161t_erm_mm
r_3768,PHSE11812161t_erm_mm
r_3769,PHSE11602181t_erm_mm
r_3770,PHSE11612181t_erm_mm
r_3771,PHSE11802181t_erm_mm
r_3772,PHSE11812181t_erm_mm
r_3773,PHET11602161t_erm_mm
r_3774,PHET11612161t_erm_mm
r_3775,PHET11802161t_erm_mm
r_3776,PHET11812161t_erm_mm
r_3777,PHET11602181t_erm_mm
r_3778,PHET11612181t_erm_mm
r_3779,PHET11802181t_erm_mm
r_3780,PHET11812181t_erm_mm
r_3781,PHCH11602161t_erm_mm
r_3782,PHCH11612161t_erm_mm
r_3783,PHCH11802161t_erm_mm
r_3784,PHCH11812161t_erm_mm
r_3785,PHCH11602181t_erm_mm
r_3786,PHCH11612181t_erm_mm
r_3787,PHCH11802181t_erm_mm
r_3788,PHCH11812181t_erm_mm
r_3789,DI11602161t_erm_gm
r_3790,12DGR161t_erm_gm
r_3791,DI11802161t_erm_gm
r_3792,DI11812161t_erm_gm
r_3793,DI11602181t_erm_gm
r_3794,DI11612181t_erm_gm
r_3795,DI11802181t_erm_gm
r_3796,12DGR181t_erm_gm
r_3797,PH11602161t_erm_gm
r_3798,PH11612161t_erm_gm
r_3799,PH11802161t_erm_gm
r_3800,PH11812161t_erm_gm
r_3801,PH11602181t_erm_gm
r_3802,PH11612181t_erm_gm
r_3803,PH11802181t_erm_gm
r_3804,PH11812181t_erm_gm
r_3805,PHMYIN111602161t_erm_gm
r_3806,PHMYIN111612161t_erm_gm
r_3807,PHMYIN111802161t_erm_gm
r_3808,PHMYIN111812161t_erm_gm
r_3809,PHMYIN111602181t_erm_gm
r_3810,PHMYIN111612181t_erm_gm
r_3811,PHMYIN111802181t_erm_gm
r_3812,PHMYIN111812181t_erm_gm
r_3813,PHSE11602161t_erm_gm
r_3814,PHSE11612161t_erm_gm
r_3815,PHSE11802161t_erm_gm
r_3816,PHSE11812161t_erm_gm
r_3817,PHSE11602181t_erm_gm
r_3818,PHSE11612181t_erm_gm
r_3819,PHSE11802181t_erm_gm
r_3820,PHSE11812181t_erm_gm
r_3821,PHET11602161t_erm_gm
r_3822,PHET11612161t_erm_gm
r_3823,PHET11802161t_erm_gm
r_3824,PHET11812161t_erm_gm
r_3825,PHET11602181t_erm_gm
r_3826,PHET11612181t_erm_gm
r_3827,PHET11802181t_erm_gm
r_3828,PHET11812181t_erm_gm
r_3829,PH11602161t_erm_vm
r_3830,PH11612161t_erm_vm
r_3831,PH11802161t_erm_vm
r_3832,PH11812161t_erm_vm
r_3833,PH11602181t_erm_vm
r_3834,PH11612181t_erm_vm
r_3835,PH11802181t_erm_vm
r_3836,PH11812181t_erm_vm
r_3837,PHMYIN111602161t_erm_vm
r_3838,PHMYIN111612161t_erm_vm
r_3839,PHMYIN111802161t_erm_vm
r_3840,PHMYIN111812161t_erm_vm
r_3841,PHMYIN111602181t_erm_vm
r_3842,PHMYIN111612181t_erm_vm
r_3843,PHMYIN111802181t_erm_vm
r_3844,PHMYIN111812181t_erm_vm
r_3845,PHSE11602161t_erm_vm
r_3846,PHSE11612161t_erm_vm
r_3847,PHSE11802161t_erm_vm
r_3848,PHSE11812161t_erm_vm
r_3849,PHSE11602181t_erm_vm
r_3850,PHSE11612181t_erm_vm
r_3851,PHSE11802181t_erm_vm
r_3852,PHSE11812181t_erm_vm
r_3853,PHET11602161t_erm_vm
r_3854,PHET11612161t_erm_vm
r_3855,PHET11802161t_erm_vm
r_3856,PHET11812161t_erm_vm
r_3857,PHET11602181t_erm_vm
r_3858,PHET11612181t_erm_vm
r_3859,PHET11802181t_erm_vm
r_3860,PHET11812181t_erm_vm
r_3861,PMIP1311602161t_erm_vm
r_3862,PMIP1311612161t_erm_vm
r_3863,PMIP1311802161t_erm_vm
r_3864,PMIP1311812161t_erm_vm
r_3865,PMIP1311602181t_erm_vm
r_3866,PMIP1311612181t_erm_vm
r_3867,PMIP1311802181t_erm_vm
r_3868,PMIP1311812181t_erm_vm
r_3869,PHMYIN111602161t_erm_ce
r_3870,PHMYIN111612161t_erm_ce
r_3871,PHMYIN111802161t_erm_ce
r_3872,PHMYIN111812161t_erm_ce
r_3873,PHMYIN111602181t_erm_ce
r_3874,PHMYIN111612181t_erm_ce
r_3875,PHMYIN111802181t_erm_ce
r_3876,PHMYIN111812181t_erm_ce
r_3877,PHCH11602161t_erm_ce
r_3878,PHCH11612161t_erm_ce
r_3879,PHCH11802161t_erm_ce
r_3880,PHCH11812161t_erm_ce
r_3881,PHCH11602181t_erm_ce
r_3882,PHCH11612181t_erm_ce
r_3883,PHCH11802181t_erm_ce
r_3884,PHCH11812181t_erm_ce
r_3885,PHET11602161t_erm_ce
r_3886,PHET11612161t_erm_ce
r_3887,PHET11802161t_erm_ce
r_3888,PHET11812161t_erm_ce
r_3889,PHET11602181t_erm_ce
r_3890,PHET11612181t_erm_ce
r_3891,PHET11802181t_erm_ce
r_3892,PHET11812181t_erm_ce
r_3893,PHSE11602161t_erm_ce
r_3894,PHSE11612161t_erm_ce
r_3895,PHSE11802161t_erm_ce
r_3896,PHSE11812161t_erm_ce
r_3897,PHSE11602181t_erm_ce
r_3898,PHSE11612181t_erm_ce
r_3899,PHSE11802181t_erm_ce
r_3900,PHSE11812181t_erm_ce
r_3901,LGNCt_ce_erm
r_3902,HEXCt_ce_erm
r_3903,PH11602161t_erm_ce
r_3904,PH11612161t_erm_ce
r_3905,PH11802161t_erm_ce
r_3906,PH11812161t_erm_ce
r_3907,PH11602181t_erm_ce
r_3908,PH11612181t_erm_ce
r_3909,PH11802181t_erm_ce
r_3910,PH11812181t_erm_ce
r_3911,PMIP1411602161t_erm_ce
r_3912,PMIP1411612161t_erm_ce
r_3913,PMIP1411802161t_erm_ce
r_3914,PMIP1411812161t_erm_ce
r_3915,PMIP1411602181t_erm_ce
r_3916,PMIP1411612181t_erm_ce
r_3917,PMIP1411802181t_erm_ce
r_3918,PMIP1411812181t_erm_ce
r_3919,PMIB14511602161t_erm_ce
r_3920,PMIB14511612161t_erm_ce
r_3921,PMIB14511802161t_erm_ce
r_3922,PMIB14511812161t_erm_ce
r_3923,PMIB14511602181t_erm_ce
r_3924,PMIB14511612181t_erm_ce
r_3925,PMIB14511802181t_erm_ce
r_3926,PMIB14511812181t_erm_ce
r_3927,ZYMPALTRAERMCEL
r_3928,ZYMOLETRAERMCEL
r_3929,PHMYIN111602161t_erm_n
r_3930,PHMYIN111612161t_erm_n
r_3931,PHMYIN111802161t_erm_n
r_3932,PHMYIN111812161t_erm_n
r_3933,PHMYIN111602181t_erm_n
r_3934,PHMYIN111612181t_erm_n
r_3935,PHMYIN111802181t_erm_n
r_3936,PHMYIN111812181t_erm_n
r_3937,LGNCt_erm_r
r_3938,HEXCt_erm_r
r_3939,ERGSTtrerm
r_3940,PIrerm
r_3941,PMIP1311602161t_gm_vm
r_3942,PMIP1311612161t_gm_vm
r_3943,PMIP1311802161t_gm_vm
r_3944,PMIP1311812161t_gm_vm
r_3945,PMIP1311602181t_gm_vm
r_3946,PMIP1311612181t_gm_vm
r_3947,PMIP1311802181t_gm_vm
r_3948,PMIP1311812181t_gm_vm
r_3949,PMIB13511602161t_ce_vm
r_3950,PMIB13511612161t_ce_vm
r_3951,PMIB13511802161t_ce_vm
r_3952,PMIB13511812161t_ce_vm
r_3953,PMIB13511602181t_ce_vm
r_3954,PMIB13511612181t_ce_vm
r_3955,PMIB13511802181t_ce_vm
r_3956,PMIB13511812181t_ce_vm
r_3957,Htmm
r_3958,GLY3Ptmm
r_3959,CMPtmm
r_3960,CTPtmm
r_3961,PImm
r_3962,PPItmm
r_3973,ERGESTTRAERMCYT
r_3987,PSterm
r_3996,PCHOLHSTDerm
r_4005,PE_HSterm
r_4038,TAGerm
r_4040,HEMATRA
r_4041,BIOPSE
r_4047,PROPSE
r_4048,CARPSE
r_4049,RNAPSE
r_4050,DNAPSE
r_4051,CERTRA3
r_4052,INOPHOPHOTRA
r_4053,INOPCERTRA
r_4054,MANPHOTRA
r_4055,LONCHABASTRA
r_4056,LONCHABASPHOTRA
r_4057,PHOTRA1
r_4058,DIGTRA
r_4059,SN2ACY1LYSTRA
r_4060,PHOTRA2
r_4061,CARTRA
r_4062,LIPBACEXC
r_4063,LIPBACPSE
r_4064,LIPCHAEXC
r_4065,LIPCHAPSE
r_4066,cer1_24SLIMEg
r_4067,cer1_26SLIMEg
r_4068,cer2_24SLIMEg
r_4069,cer2_26SLIMEg
r_4070,cer2a24SLIMEg
r_4071,cer2a26SLIMEg
r_4072,cer3_24SLIMEg
r_4073,cer3_26SLIMEg
r_4074,cer424SLIMEg
r_4075,cer426SLIMEg
r_4076,psphingsSLIMEer
r_4077,psph1pSLIMEer
r_4078,sphgnSLIMEer
r_4079,sph1pSLIMEer
r_4080,pa160161SLIMEerm
r_4081,pa160181SLIMEerm
r_4082,pa161SLIMEerm
r_4083,pa161181SLIMEerm
r_4084,pa180161SLIMEerm
r_4085,pa180181SLIMEerm
r_4086,pa181161SLIMEerm
r_4087,pa181181SLIMEerm
r_4088,dag160161SLIMEerm
r_4089,dag160181SLIMEerm
r_4090,12dgr161SLIMEerm
r_4091,dag161181SLIMEerm
r_4092,dag180161SLIMEerm
r_4093,dag180181SLIMEerm
r_4094,dag181161SLIMEerm
r_4095,12dgr181SLIMEerm
r_4096,lpi161SLIMEerm
r_4097,lpi181SLIMEerm
r_4098,pg160161SLIMEmm
r_4099,pg161161SLIMEmm
r_4100,pg180161SLIMEmm
r_4101,pg181161SLIMEmm
r_4102,pg160181SLIMEmm
r_4103,pg161181SLIMEmm
r_4104,cl160161160161SLIMEmm
r_4105,cl160161161161SLIMEmm
r_4106,cl160161180161SLIMEmm
r_4107,cl160161181161SLIMEmm
r_4108,cl160161160181SLIMEmm
r_4109,cl160161161181SLIMEmm
r_4110,cl161161160161SLIMEmm
r_4111,clpn161SLIMEmm
r_4112,cl161161180161SLIMEmm
r_4113,cl161161181161SLIMEmm
r_4114,cl161161160181SLIMEmm
r_4115,cl161161161181SLIMEmm
r_4116,cl180161160161SLIMEmm
r_4117,cl180161161161SLIMEmm
r_4118,cl180161180161SLIMEmm
r_4119,cl180161181161SLIMEmm
r_4120,cl180161160181SLIMEmm
r_4121,cl180161161181SLIMEmm
r_4122,cl181161160161SLIMEmm
r_4123,cl181161161161SLIMEmm
r_4124,cl181161180161SLIMEmm
r_4125,cl181161181161SLIMEmm
r_4126,cl181161160181SLIMEmm
r_4127,cl181161161181SLIMEmm
r_4128,cl160181160161SLIMEmm
r_4129,cl160181161161SLIMEmm
r_4130,cl160181180161SLIMEmm
r_4131,cl160181181161SLIMEmm
r_4132,cl160181160181SLIMEmm
r_4133,cl160181161181SLIMEmm
r_4134,cl161181160161SLIMEmm
r_4135,cl161181161161SLIMEmm
r_4136,cl161181180161SLIMEmm
r_4137,cl161181181161SLIMEmm
r_4138,cl161181160181SLIMEmm
r_4139,cl161181161181SLIMEmm
r_4140,cl181181160161SLIMEmm
r_4141,cl181181161161SLIMEmm
r_4142,cl181181180161SLIMEmm
r_4143,cl181181181161SLIMEmm
r_4144,cl181181160181SLIMEmm
r_4145,cl181181161181SLIMEmm
r_4146,cl160161181181SLIMEmm
r_4147,cl161161181181SLIMEmm
r_4148,cl180161181181SLIMEmm
r_4149,cl181161181181SLIMEmm
r_4150,cl160181181181SLIMEmm
r_4151,cl161181181181SLIMEmm
r_4154,ACTDn
r_4155,AGGGAFMSTYOXI
r_4156,MAMEMEAPE2
r_4157,APPPRRPHT1
r_4158,NADOXI
r_4159,GLCNACTr
r_4160,ADADADDIRIPPT
r_4161,ARGt_v_c
r_4162,HISt_v_c
r_4163,LYSt_v_c
r_4164,OXACOALx
r_4165,ARALPSGCL2
r_4166,ARALPSGCL22
r_4167,VACACHCO1VAHOCCFAPR1
r_4168,FRUt_c_v
r_4169,GALt_c_v
r_4170,GLCNACPT_r
r_4173,LCYSACCSUL
r_4174,CHSTEROLt_r_erm
r_4175,PUARALDHG
r_4176,PUARALDHG2
r_4178,PUARALDHG3
r_4181,MANTRAATP1EC3.6
r_4184,HMOGPPFLYA442
r_4186,LMETDISSOXI
r_4187,PROTRSm
r_4189,4AHYDTETHYDHYDLYA
r_4192,CYLYMET1
r_4193,ADMELYMET
r_4194,ZN2t_c_r
r_4195,ZN2t_m_v
r_4196,FCYTOB5OXR_r
r_4198,BIBCFPRRED24
r_4199,GLGS1
r_4200,GLGS12
r_4201,GLGS13
r_4203,ILLLVYAPE1
r_4204,ILLLVYAPE12
r_4206,THHYASAMLYA3
r_4207,EGDDLMOP24
r_4209,GTHDHx
r_4210,UREHYDLYACYAFOR
r_4211,RPGPPPGHLYA535
r_4215,CGDUGPGDCSMDP1
r_4217,FEROm
r_4218,ADGTATTDCL
r_4219,ADGTATTDCL2
r_4220,4NITPHOPHO
r_4223,3HYD2METCOAHYD
r_4225,BRRAACPHDE3.DEERPR1t_
r_4229,MONACIAMIAMI
r_4231,ACYAMI
r_4233,ADMETEFACYMET
r_4234,GGGPCS
r_4237,CAVATRATP2
r_4238,CATRATP2g
r_4239,LARGTRNARGPROARG
r_4240,DOOLDIPRSU
r_4241,MAPROLGCL
r_4242,ISAOCEPMAT161
r_4243,AADGGMADGLPMAT1236
r_4244,GMMAMBGBGDAMAT1314146
r_4245,MANPGHv
r_4246,ALMA
r_4247,ATPTHRBICADE
r_4250,DOLDIPPHO
r_4251,CTPCYT
r_4252,THITHISYNTHIBIOENZ
r_4253,DBGPGAGAMAMAMAMAMAMAMAMAMBGBGDA13131212131213121616141412
r_4256,LIPATPT
r_4258,LCPLAF
r_4260,DEDGGLHO1
r_4261,DEDGGLHO12
r_4263,CLt_g_c
r_4264,FRD2m
r_4265,NUCTRIDIP
r_4269,HINNNCPPSST1
r_4271,EMAMOR129
r_4272,ALMAAL12
r_4273,ETH2OXINITFOR
r_4275,FEIINADOXI
r_4276,FEIINADOXI2
r_4277,ACGPATR31
r_4278,DIPLIGAMPFOR
r_4279,8OXODGTDIP
r_4280,OCANACPROC
r_4281,LIPACPPRON6LIP
r_4283,HEX7
r_4295,2PRO1ALNOXI
r_4297,TMABADH
r_4298,ALDHc
r_4299,IMACTD
r_4301,5HOXINDACTOX
r_4303,FATALDDEHHFDEC1.2
r_4304,FATALDDEHHFDEC1.22
r_4305,CHLOXI
r_4306,PYLALDOX
r_4307,FAROXI
r_4308,AAPPPPT
r_4309,PUTESTYMREC3.1
r_4310,GDMAALMAT12
r_4311,GDMAALMAT122
r_4312,SADELMETNMET
r_4313,AADGMAGLPMAT12689
r_4314,AADGMAGLPMAT126892
r_4316,ADDEGMADGLMPMAT11223967
r_4318,ISO6ALPDGLU
r_4319,DEX6ALPDGLU
r_4320,DBGPMAMAMAMAMAMAMAMAMBGBGDA1212131213121616141413
r_4321,DBGPGAMAMAMAMAMAMAMAMAMBGBGDA131212131213121616141413
r_4322,GPMAT4
r_4323,PRON6OCTANOLYSSUL
r_4324,OCTANOACPSULSUL
r_4325,IRSUCLASPR2MIIRSUCLSCPR2
r_4327,MG2t_c_m
r_4328,UDPPHOBETDGLU
r_4331,ACBEGL14
r_4333,POLPHO
r_4334,CU2abc_c_g
r_4337,IROSULCLUTRAATMMIT
r_4338,ALOLGCL126
r_4339,UACGAMt_r_g
r_4340,DHAAAOP3
r_4341,GLYC2Pt_e_c
r_4343,THRPHOPROSYMt_
r_4344,PTHRc
r_4345,ALKPHO
r_4346,GUATRAPROSYM
r_4351,ALKPHO2
r_4352,CYSSPHOTRAPROSYM
r_4353,CYSOXI
r_4354,HYPOXI
r_4356,2AMIYRATRA
r_4357,ALKPHO3
r_4358,URPRPHPRSY2t_
r_4361,GLYMETTRAPROSYM
r_4362,DIP
r_4363,R07
r_4364,NPHOTRA
r_4365,CRETRA
r_4368,TYRPc
r_4369,TRITRAINPROSYM
r_4370,ALKPHO4
r_4371,CYPRMOPRSY2t_
r_4372,CYCPHO
r_4373,PRPRCYUMPRSY23t_
r_4374,SUALCALYA34
r_4375,SULALAPROANT3t_
r_4377,3AMPtc
r_4378,ALPGLU
r_4380,RE2223c
r_4381,ACETRAPROSYM
r_4382,THICOXI
r_4383,TETtc
r_4385,5DGLCNt2ec
r_4386,DIP2
r_4387,ALAASPPROSYMt_
r_4388,CYCPHO2
r_4389,PRPRCYCMPRSY23t_
r_4390,BG_MADGc
r_4392,ALPMETGLUPROSYMt_
r_4393,ATPTAG6PHO
r_4394,DTAG6PHO4EPI
r_4398,ALAGLNTRAPROSYM
r_4399,LALALGLUtcv
r_4401,ALATHRTRAPROSYM
r_4402,ALTHPRSYEXCYt_
r_4403,PPA2
r_4404,GLASPRSYEXCYt_
r_4405,GLY1PHOTRA
r_4408,LALALGLUtec
r_4409,LALGPv
r_4410,3OXAGLYLYAOXAFOR
r_4411,LCYSBISLYADEA
r_4412,CYCPHO3
r_4413,DEO3PRIPHO
r_4414,CYTNONDIP
r_4415,CYTNONSPEDIP
r_4416,CYTNONSPEDIP2
r_4417,CYTNONSPEDIP3
r_4418,CYTNONSPEDIP4
r_4419,LCYSTRAPROSYM
r_4420,ALPGLU2
r_4421,2HYDTRAPROSYM
r_4422,3OXATRAPROSYM
r_4423,GLYMETTRAPROSYM2
r_4424,GLYGLNTRAPROSYM
r_4425,GLYGLNTRAPROSYM2
r_4426,ALAGLNTRAPROSYM2
r_4427,NACETRAPROSYM
r_4428,PHOTRAPROSYM
r_4429,ALAHISTRAPROSYM
r_4430,ALAHISTRAPROSYM2
r_4431,ALAASPPROSYMt_2
r_4433,THY3MONTRA
r_4434,THY5MONTRA
r_4435,GLY1PHOPHO
r_4436,NSTPMPHT5
r_4437,GLGLPRSYEXCYt_
r_4438,GLGLPRSYCYVAt_
r_4439,CYTNONDIP2
r_4440,METt_c_v
r_4441,THRt_c_v
r_4443,23CGMPtec
r_4446,G1Ptec
r_4447,CBPtec
r_4448,MEALPRSYEXCYt_
r_4449,MEALPRSYCYVAt_
r_4452,MINOHPtec
r_4453,G6Pt_e_c
r_4454,UMPtec
r_4456,MAN6Ptec
r_4457,PHOETHPROSYMt_
r_4460,PYRTRAINPROSYM
r_4464,23CAMPtec
r_4465,ADPRMOPRSY2t_
r_4471,ALLEPRSYEXCYt_
r_4472,ALLEPRSYCYVAt_
r_4473,LALATRAPROANT
r_4474,LALATRAPROANT2
r_4478,METSOX1tec
r_4479,GLYASNTRAPROSYM
r_4480,CYSTRAPROANT
r_4481,H2SO
r_4482,ALAt2cv
r_4483,GLYt2cv
r_4491,ARAREDDARA
r_4493,ACACtec
r_4495,ALKPHO5
r_4497,EX_3oxa3_e
r_4501,EX_tur_e
r_4509,EX_ala_L_ile__L_e
r_4522,EX_glyc1p_e
r_4528,EX_pppi_e
r_4531,EX_cbp_e
r_4533,EX_cysspho_e
r_4534,EX_gua2mon_e
r_4544,EX_amp2p_e
r_4551,EX_3sala_e
r_4559,EX_thy5mon_e
r_4560,EX_thy3mon_e
r_4561,EX_cyt2pho_e
r_4562,EX_uri2pho_e
r_4566,GNK
r_4567,6PHOPHO
r_4568,R06
r_4569,CARESTHYD
r_4570,PHODEH
r_4571,SEE
r_4572,APAT2c
r_4574,3OXOOXIDECCOAACE
r_4575,3OXOPROCARLYA
r_4576,KARI_23dhmbc
r_4577,DIHACIDEHMIT
r_4578,KETACIREDMIT
r_4582,MALBETMETSYN
r_4586,STASYN
r_4587,CA2t3ec
r_4589,CU2TRA
r_4592,MGt2ec
r_4598,COFPSE
r_4599,IONPSE
